Text,Actual_Location,Predicted_Location
Â¿Es sexy que alguien sepa cuÃ¡ntos minutos tarda la luz del Sol en llegar a la Tierra? SÃ­.,MX,VE
Guinea Ecuatorial #KeniaOs #EloisaOsCrush #KCAMexico,MX,VE
Rudy la lasaÃ±a de verduras ğŸ¤¤,MX,VE
@chavodeltoro Si tu telÃ©fono puede copiar estoâ€¦ el desafÃ­o es CAMBIAR AL PILOTO. ğŸ’«â–‚â–„â–„â–“â–„â–„â–‚â—¢â—¤â–ˆâ–€â–ˆâ–ˆâ–ˆâ–ˆâ–„â–„â–„â–„â–„â–„â—¢â—¤â–ˆğŸ¥¶â–ˆâ–€â–€â–€â–€â–€â–€â–€â—¥â–ˆâ–ˆâ–ˆâ–ˆâ–ˆâ—¤â•â•â•©â•â•â•©â•â•,MX,VE
"@Osu_sancito COMO TE VAS A ATRAGANTAR CON ESA MAMADA, si estas pendejo Osu xd",MX,VE
"No sÃ© quÃ© tiene que ver, pero hay twitts que dan asco. Lo que Pedro dice de Juan, dice mÃ¡s de Pedro que de Juan.",MX,VE
si sigo asÃ­ me voy a graduar en el 2027,VE,MX
"En este sentido, los nuestros, aunque sÃ© que jamÃ¡s votarÃ­an el impuesto (92% de seguridad), tendrÃ­an que ser mÃ¡s taxativos. Como cuando George Costanza pedÃ­a que el mÃ©dico le dijera â€œCancer? Get outta here! What are you? Nuts?â€.",MX,VE
Que cumplas todas tus metas. Eso te deseo (: #Sunday,MX,VE
Ya van a salir aquÃ­ que se van a vacunar asÃ­ sea con  la HindÃº ğŸ˜‚,VE,MX
": ""liquidar anualmente las prestaciones sociales del trabajador es una prÃ¡ctica viciosa, y puede tomarse como parte del salario devengado""",VE,ES
Y verlo con la camisa que le regale en portadaâ€™s ğŸ˜ğŸ˜ Ains muero de amor ğŸ™ŠğŸ˜ğŸ˜³,VE,MX
"Con el inmenso respeto a Laureano MÃ¡rquez,compartiendo casi el 100% de cuanto dice sobre la destrucciÃ³n que los Atilas de esta dictadura han ocasionado.A diferencia de LM,lo Ãºnico que no han quebrado es nuestra moral y nuestra esperanza,aÃºn cuando nos han golpeado severamente.",VE,MX
En la estaciÃ³n de capitolio hoy un GN decidiÃ³ que las personas de la 3era no podÃ­an ingresar al metro,VE,MX
"Creo que es psicosis, pero creo he aumentado como 5 kilos ğŸ˜ğŸ˜°ğŸ™ˆğŸ˜…",VE,MX
Las primeras emisiones electrÃ³nicas en el mercado de valores mexicano ya son una realidad. Forma parte de la estrategia del Grupo BMV para transformar los procesos operativos en el mercado bursÃ¡til.,MX,VE
"A las 16:00 horas, el #ÃndiceAIREYSALUD reporta, en la #CDMX y zona conurbada la #CalidadDelAire es de ACEPTABLE a BUENA, lo cual indica un riesgo a la salud de MODERADO a BAJO.La regla de oro frente al Covid-19 es #ProtÃ©geteYProtegeALosDemÃ¡s usando bien el cubrebocasAire_C",VE,MX
Â¡Mueren 2 presidentes municipales de San Luis PotosÃ­ en menos de 3 aÃ±os! Se confirma el deceso de Emmanuel Govea en accidente carretero.EntÃ©rate aquÃ­. ğŸ‘‡ğŸ¼https://t.co/9LasFTbf55,MX,VE
Bailar bachata pegado y sensual es lo mejor de este puto mundo. ğŸ˜,VE,MX
â–  Para reactivar la economÃ­a se necesitan polÃ­ticas que estimulen la inversiÃ³n,VE,MX
@elpais_america @el_pais me parece muy bien,VE,ES
"15,6% de los trabajadores no tiene dinero electrÃ³nico para paliar escasez de billetes.",VE,ES
"@Bea_AM2 Cuenta conmigo siempre! Daria lo que fuera, por que vuelva a Zaragoza, lo merecen muchÃ­simo, necesito que le abraces de nuevo.",VE,MX
Si no van a ayudar...no estorben,VE,MX
@AgustinPerezO16: AAAAHHH MEDIO METROOO,MX,VE
"Magaly?? No, Magaly ya no es mi noviaa",MX,VE
Un minuto de silencio en honor a O Rei #Pele ğŸ‡§ğŸ‡· en la toma de Toma de poder de Luis Ignacio â€œLulaâ€ da Silva.  #Eterno @Pele,MX,VE
Gracias Checo por tantas satisfacciones y por colocar el nombre de ğŸ‡²ğŸ‡½ muy en lo alto. https://t.co/1id5qJWNNG,MX,VE
Esos errores en la defensa no deben estar sucediendo carajooo ğŸ’ªğŸ¼ğŸ¯ğŸ’™ğŸ’›,MX,VE
Y ya estÃ¡bamos escasos de mÃ©dicos gracias a la emigraciÃ³n ğŸ˜”ğŸ’” Â¡Muy duras estas cifras!,VE,MX
"Para poder seguir, algunas veces solo necesitas empezar de cero, recuerda que hay mÃ¡s tiempo que vida.  #BuenasNoches",VE,MX
"maldita sea, en sonora no cambia el horario y no puedo estar diciendo eso cada hr aquÃ­ u.u",MX,VE
QuÃ© rÃ¡pido estÃ¡n destruyendo al Conacyt. Para eso sÃ­ son bien eficientes.,MX,VE
Hoy es dÃ­a de cocinar. Â¿Espagueti rojo cremoso? #FelizDomingo,MX,VE
@jpesuv: Me contenta enormemente tu curaciÃ³n. Mi hijo no corriÃ³ la misma suerte pero infinito agradecimiento  a tu respuesta .,VE,MX
Conoceremos cuantos pelagatos le apoyarÃ¡n con su circo a este PAYASO ..!!,MX,VE
que buena noche,MX,ES
A esta seÃ±ora ! Si se puede llamar asÃ­ ! Se la va a llegar el mismo SatanÃ¡s !!tiene el alma negra y muy tÃ³xica !!,VE,MX
Raro Otero pegando y pase tan lejos del arco,VE,MX
"Alcanzar el Ã©xito no es cuestiÃ³n de azar, es un cumulo acumulado en todos el tiempo perfecto... considero...MuchasÂ gracias.",MX,VE
Me informan que @jakobhans ha descongelado a Mecano âœ¨ğŸ”® https://t.co/wdmnkSXxI5 ğŸ˜„,MX,VE
La estatua de LeBron la inauguran en 30 minutos seÃ±ores. ğŸ˜‚,VE,MX
Diablos seÃ±orita pero el tenÃ­a tapabocas ğŸ˜· puesto ğŸ™ƒ,VE,MX
"Amigos, ayudenme a sacar la prÃ³rroga de mi pasaporte ğŸ˜­",VE,MX
"AsÃ­ estabas tÃº y peor grandisimo p3nd3jo! Pero como ahora eres al que se le reclama y la caga, resulta que no nos gusta el cambio, claro que no! Este fue para peor viejo ciego, ignorante, fodongo y nefasto! #AMLOelPeorPresidenteDelMundo  #ELCacasChillon #MorenaCosechaFracasos",VE,MX
#SATcontraJÃ³venes ??? Es absolutamente todo lo contrario. Per obvio no estÃ¡n preparados pra esta conversaciÃ³n,MX,VE
"La mujer que sabe darle amor, prioridad y libertad de ser a su pareja, es la que realmente sabe llevar su relaciÃ³n y puede llamarse jefa",VE,MX
Lo logro porque puedo ğŸŒº,MX,VE
@alexpinto1989 Va directo en la ruta... Es cuestiÃ³n de tiempo  !!!,VE,MX
Disculpameamigonopiensoregresaratomarpicsenprimeraporqueayersalitodoeldiaylanetalacallecansadosemocionalmentenoandoalcienelviernestuveunacrisisemocionalyandorecuperandomeyescuchocualquierpalabraysoymardelagrimaytresmesientomalporquemisfotosestanbienfeasynohaymaterialbuenoparareds,MX,VE
"Cada vez veo mÃ¡s gente sin #cubrebocas. Entre la falta de informaciÃ³n del gobierno, la irresponsabilidad ciudadana y las fiestas de fin de aÃ±o, que la virgen del ponche nos ayude. #Omicron #COVID19",MX,VE
@Soy_Nezz @Uber_Support A quien matamos ?,MX,VE
@rioslawyer Los griegos lo llamaban filautÃ­a y era una de las formas del â€œamorâ€. Saludos.,MX,VE
Porque fallaste ese penal??? ğŸ˜–ğŸ˜–ğŸ˜–,VE,MX
Un entorno en la #empresa tÃ³xico es un gran daÃ±o a la efectividad. Debemos ayudar a los demÃ¡s a sacar lo mejor de sÃ­ mismos y motivarlos.,VE,MX
"Uno que es millennial, lo entiende muy bien ğŸ¤£ğŸ˜‚ğŸ¥¹ #SaleTÃº #Millennial #Not #BabyBoomer haha",MX,VE
Ya tengo lista mi playera del PSG para disfrazarme de Messi esta noche #FelizDomingo #FelizHalloween,MX,VE
@alan_estrada Pero que perra envidia wooooow genial,MX,VE
#PeleEterno Q.E.P.D Gracias por esos grandes juegos que estarÃ¡n en nuestra memoria y recuerdos,MX,VE
"Desde que te bloqueo, le lloraste que te desbloqueara y no te hizo caso, desde entonces es el peor portero ğŸ˜…",MX,VE
Ten cuidado con el ğŸ’œ aquÃ­ abajo en este mundo material ğŸ¶ğŸµ,MX,VE
"@DonVocero La oposiciÃ³n no calculÃ³ eso en su montaje, estÃ¡n muy p...",MX,VE
Como mierda te voy a ligar si no subes ni una mierda JAJAJAJA ayÃºdame papi,MX,VE
el descaro de pedir un encendedor prestado para prender un porro en reforma,MX,ES
Donde? Por DIvision del norte y GMancera han pasado muchas ambulancias,MX,VE
Laura Bozzo se exhibe en bikini junto a su hija en las playas de CancÃºn,VE,MX
"Y MANTENER VAGOS QUE CREEN QUE.POR EL HECHO DE HABER NACIDO TIENEN DERECHO A TODO LO QUE SE LES PUEDA DAR!, ESE ES EL PEOR VANDALISMO DE.TODOS!!!",MX,VE
No llegaron todas.  #BrozoyLoret en @latinus_us @brozoxmiswebs: https://t.co/gXEszUST0a https://t.co/Q0CKhYph8V,VE,MX
Muy buena cogida le estÃ¡ dando mmmmm mmmm ahhhh sabroso,MX,VE
"Ojala y se pudran en sus mentiras, pues la gente ya no les cree.",MX,VE
#Empresa: CHÃ‰CALO: Capturan a 8 maleantes tras violento despojo a empresa de la CFE. https://t.co/KHJgEQuadv,MX,VE
Hoy por necesidad acompaÃ±e a mi esposa a 2 bancos y confirmÃ³ que en MÃ©xico nos hace falta mucha #EducacionFinanciera,MX,VE
"Si, aquellas con servicio de agua, limpieza y personal; maestros y alumnos bien nutridos. Que puedan llegar a las instalaciones sin tener que aglomerarse en los transportes pÃºblicos, etc.",VE,MX
comprare esas luces led para ponerla en mi cuarto y borralo se termina de ver como un estudio,VE,ES
"Buenas tardes amigos , ya es hora del almuerzo nos vemos en la mariskeria circuito jeje",MX,VE
"@DiosNosDiceHoy Gracias Dios, AmÃ©n.",MX,VE
@petarostojic excelente receta,ES,VE
@Millangg_2 Cuando tenga amigos te aviso,VE,MX
"Que triste la poca conmociÃ³n mediÃ¡tica del tiroteo de Orlando, como si nada. Si hubiera sido en una disco hetero seguro seria diferente.",VE,MX
"Y siguen sin acatar las medidas preventivas, sin hacer hincapiÃ© en q el virus de transmite vÃ­a aÃ©rea... Mandando niÃ±os a la escuela din las mÃ­nimas medidas coherentes...ğŸ¤¦â€â™€ï¸ #COVIDIOTS #AMLOasesino #DoctorMuerte",MX,VE
"Solo disfrutamos de nuestra compaÃ±Ã­a (un romance muy lindo de una semana), pero sin sexo. Â¡Yo encantado!.",MX,VE
No hubo cambio de campeones en MÃ©rida serÃ¡ para Triplemania XXX,MX,VE
"@ClaudioXGG Tanto drama, si el sistema judicial solo ha servido a los ricos y a los pobres e inocentes los tienen por aÃ±os y sin juicios.. los MP estatales en todo el paÃ­s estÃ¡n iguales y jueces corruptos y traidores en toda la naciÃ³n... Eso es una maldiciÃ³n. Y deberÃ­amos cambiar la ley YA.",MX,VE
Me estoy ahogando y a la ola le pedÃ­ socorro,MX,VE
ğŸš¨Â¡VA A GANAR DETROOOOOOIT!ğŸš¨ Â¡QuÃ© victoria tan dramÃ¡tica de los Leones sobre los Vikingos! #NFL,MX,VE
Que tengan mayor pensamiento crÃ­tico y menos temor de responsabilidad.Abrazo ğŸ¤— https://t.co/QuNVucNtzx,MX,VE
"Ellos hacen como que nosotros no sabemos y nosotros hacemos como que ellos no saben que sabemos, es un trabajo grupal.",MX,VE
"@LuisDMelendez_ Instagram âœ¨âœ¨âœ¨âœ¨ 1aÃ±o escribiÃ©ndonos...  Primera cita: Fiesta de su cumple ğŸ¥³, A partir de allÃ­ somos pareja desde hace... 1aÃ±o y 6meses. ğŸŒ¹ğŸŒ¹ğŸŒ¹ğŸŒ¹ğŸŒ¹ğŸŒ¹ğŸŒ¹",VE,MX
Hola muy buenos  dÃ­as es mi 2 twit les querÃ­a avisar mis redes Sociales Son Instagram Mathias_528_sÃºper_aventura,VE,MX
Usando la muerte de Tomas para minimizar un tuit?...,MX,VE
El de revoleo de bolsos en el convento. Puros prÃ³ceres.,VE,MX
"Metro doctores busco un travesti o transexual femenino sin tatuajes o un chico lindo de 25 aÃ±os , pago el hotel",MX,VE
En aurrera estÃ¡n a 29 pesos las caguamas indio ... ğŸ¤­,MX,VE
"Usted no puede Manejar fondos si rendir cuentas claras,  HASTA CUNDO no te da vergÃ¼enza  que no cumpliste tu palabra, que tienes ya casi dos aÃ±o en l nada, RENDIRÃN  todo tu G4 podrido en su momento",VE,MX
Hoy es el #DiaInternacionalDelBeso y nadie me a dado un puto besoğŸ˜¿,VE,MX
MALDITA PELÃCULA ESTOY LLORANDO COMO UNA ESTÃšPIDA NOO T.TTTTTTTTTT,VE,MX
"Que conste que se desecha la de,anda por caduca y no por corrupto. No es lo mismoâ€¦",MX,VE
Esta pndj@ ğŸ¤£ğŸ¤£ğŸ¤£ğŸ¤£ muerdan otra vez la chuleta envenenada ğŸ•s corruptos #TRAIDORES_A_LA_PATRIA,MX,VE
Atentado terrorista en aeropuerto y metro de Bruselas Deja como resultado 34 muertos y varios heridos,VE,MX
La gente tiene un odio absurdo a los abogados y gestores de Apostillas que no se justifica. Aaahh pero buscan ayuda gratuita. Â¡La comodidad tiene un precio! #apostilla,VE,MX
"La mezquindad, no te abandona ni en Navidad, no te ha ido bien en la vida y ese es tu karma.",VE,MX
Dios bendiga todas las actividades que tendremos esta semana. Â¡Feliz inicio de semana! Bendiciones ğŸ™ŒğŸ¼,MX,VE
@yohanamontene11 Errrrrrrrrrrrrgaaaaaaaaaa me invitas hermana jajajajaja,VE,MX
Ese hotel siendo noticia una vez mÃ¡s. Recuerdo que hace aÃ±os un tipo se suicidÃ³ lanzÃ¡ndose por la ventana de una de las habitaciones.,MX,VE
VAMOS... REVELENSE YÃ !!! O sÃ© les conocerÃ¡ por su insÃ³lita cobardÃ­a.,VE,MX
"@Nelsonpvzla1: Maduro NO es el Presidente Legitimo de Venezuela, Ã©l es un USURPADOR que ejerce la presidencia de nuestro pais tras socavâ€¦",MX,VE
"@Santyquezada Y serÃ¡ la primera de muchas mÃ¡s. Ellos sienten igual que nosotros, solo que les es difÃ­cil expresarlo. Mi hijo es autista.",MX,VE
Que se vengas buenas oportunidades!. Felicidades âœŒï¸ğŸ‡«ğŸ‡®,MX,VE
mira meybi saire mardita tu antes de k te vayas de esa mierda del colegio te tienes que tomar fto conmigo ok?,VE,MX
"Tengo asÃ­ como el corazÃ³n daÃ±ado... No lo cuidaron, lo dejaron caer y lo patearon CON TODO. ğŸ˜‘",VE,MX
"Que prefieren, un ambiente frÃ­o o caluroso?? #Encuesta",VE,MX
Siempre hay alguien asÃ­... ğŸ¤£ğŸ¤£ğŸ¤£ğŸ¤£ https://t.co/lpUqXwJcod,MX,VE
"@AidaCuevas MuchÃ­simas gracias, bonita y productiva semana sra preciosa, un abrazo con mucho cariÃ±o ğŸ˜˜ Dios te bendiga",VE,MX
"Ya decÃ­a yo, #BBVA estÃ¡ fallando de nuevo. Acaso no quieres que gaste???? Es eso? Dime!",MX,VE
Esten sÃºper pendientes!!!!! Ya casi!!! ğŸŒš #MTVINSTAMXBAUTISTA #MTVCHALLENGECABALLEROS  #PREMIOSMTVMIAW,VE,MX
"Somos Distribuidores Inicia tu propio negocio, Invirtiendo un mÃ­nimo de mÃ¡s de $3,000 y obteniendo un mÃ­nimo de ganancia del 20% ğŸ¤‘ğŸ¤‘ğŸ¤‘ğŸ¤‘ InformaciÃ³n ğŸ“²55-3018-1354",MX,VE
"El operador de la dicha unidad pedÃ­a a los usuarios del Transporte PÃºblico QroBÃºs que le dieran dinero, para que el pudiera continuar con su trayecto. La unidad de TSQA no tenÃ­a daÃ±os en su carrocerÃ­a o algÃºn raspÃ³n que podrÃ­a ameritar dicho daÃ±o. 1/2",MX,VE
#EnLaVidaMeToco conocer a una chica loca desafortunadamente ya no era posible concretar..,MX,VE
"â€œIâ€™m broken and Iâ€™m hoping someday Iâ€™ll be open.â€ Harry cambio la letra de Golden ğŸ¤§ ""Estoy roto y espero algÃºn dÃ­a ser abierto""",MX,VE
Si estas viviendas entran al mercado secundario capitalista...y no a la Inmobiliaria Estatal...pasara igual que las del Inavi..inaccesibles,VE,MX
mi papa esta estable. dios es grande,ES,VE
"Anoche fui a CocoBongo y puedo decir que es el mejor show que he visto en mi vida. Se pasaron, impresionante. Una locura todo lo que hacen, montan un espectÃ¡culo de nivel internacional.",MX,VE
"@Zapata_zos https://t.co/5X10iBpfcq esto me lo pasaron,espero que le sirva.",VE,MX
@claumoranm Ven a mi.â¤ï¸ te amo,MX,VE
@limasrubi18 Amoooos a cantarlaaaaaa:(,MX,VE
ğŸš¨ #AVISO ğŸ’‰ | La jornada de vacunaciÃ³n de refuerzo contra COVID-19 para las y los toluqueÃ±os de 18 a 29 aÃ±os de edad continÃºa del lunes 14 hasta el miÃ©rcoles 16 de marzo. Acude a tu sede mÃ¡s cercana. #TolucaSeCuida,MX,VE
Es increÃ­ble como van dejando de importar cosas que se fueron haciendo esenciales.,VE,MX
Salio ruido de fondo de la ciudad #futboltotaldirectvchelsea,VE,MX
AAAAAAAAAAH!!!! Ahora Peridot es una de las Crystal Gems. ğŸ’—  â­,VE,MX
y con ustedes la obra de mayor envergadura que dejara @jairbolsonaro,VE,ES
Feliz dÃ­a a mi san Felipe ApÃ³stol,VE,MX
treeeemenda bebÃ©,MX,ES
todo va a funcionar,MX,ES
"No comulgan ni con su propia medicina y lo demuestran, mala gestiÃ³n, mal ejemplo/modelo... Nada bueno para decir? Espero su pronta recuperaciÃ³n.. #AHORA #ClaroyRaspao #20agosto #LoMasLeido",VE,MX
Paolo lol y dime a como amaneciÃ³ el kilo de diputados parÃ¡sitos vende patrias el dÃ­a de hoy?,MX,VE
"Cicpc matÃ³ a Luis Alfredo Ulueta (35) en la autopista Francisco Fajardo, entre dist. Santa Cecilia y dist. Altamira, sentido oeste. SegÃºn versiÃ³n policial, hubo una persecuciÃ³n desde Los Ruices y terminÃ³ en enfrentamiento. RecibiÃ³ seis tiros en la cabeza. Mujer herida, estable",VE,MX
"#FueraBaÃ±os mentiroso, vividor, mezquino, inepto, etc etc etc",MX,VE
"Antes, muchos CM contestaban todas las referencias o menciones en sus redes sociales. TenÃ­an espÃ­ritu de servicio y atenciÃ³n al cliente. Ahora, ya ni eso les importa a las empresas. En el fondo, solo era apariencia de servicio o atenciÃ³n. #rafalosicomunicaciones",MX,VE
@alver_oficial Para estar ahÃ­ agachado y chuparte la verga,MX,VE
Saab a Ortega DÃ­az: â€œDiez aÃ±os despuÃ©s vas a venir a hablar de lo que no hicisteâ€.,VE,MX
"Cuando estas en tesis, estas trabajando, y tienes trabajo externo tambien es un estres total.",VE,MX
"@PaisaVlogs Luego anda diciendo kike ""tema serio"" JAJAJAJAJAJAJAJAJAJAJAJAJAJAJA #NoVuelvoAVolarEnAeromexico",VE,MX
"Que bronca cuando te pintas las uÃ±as de un color muy chillÃ³n, te las quitas y queda toooooda manchada",VE,MX
"... No podÃ­a contar con nada, ni siquera con el azar, pues hay vidas sin azar.... HonorÃ© de Balzac.",MX,VE
Otro aÃ±o sintiendo que no es suficiente mi esfuerzo,MX,VE
"Sabes que inclusive hay instalaciones de la RegiÃ³n Militar y GN y no se ven por ningÃºn lado en estos momentos, y no son estatales.",MX,VE
Igual y se ofenden los polÃ­ticos tabasqueÃ±os en algunas dÃ©cadas..,MX,VE
#TacoLaArepaEstÃ¡Contigo que la virgen de Guadalupe los proteja siempre!,VE,MX
"@davidDGrafico Wow que vergota, quiero",MX,VE
Solo para cÃ³mplices 13/2/25 @Ricardo_Arjona https://t.co/gnD2wk3sis,VE,MX
sigo sin creerme lo de china,ES,VE
"JUEVES: En este nuevo dÃ­a y en todos los siguientes, tenemos que vivir con mucha fÃ©. No tenemos nada que temer, pues DIOS nos ama y siempre nos darÃ¡ aquello que necesitamos para cumplir nuestros planes y ser felices, Muy buenos dÃ­as!",MX,VE
ğŸ‘‰ Mi mamÃ¡ ya se enojÃ³ por que ya le baje a la olla de la ensalada de manzana ğŸ˜‚ğŸ¤®,MX,VE
ojala y todos los chorochavistas la enfrenten como hizo dario vivas la enfrento y lo murio!!!bocones todos,VE,ES
ps bueno espero que con esto los argentinos se olviden del rancio de maradona,MX,VE
Deja que tus sueÃ±os sean olas que se van.. Libres como el viento!!! #BuenViernes,VE,MX
Tengo que ir a ese lugar en san cristobal en donde si te comes el perro caliente mas grande en menos de 10 minutos no pagas nada,VE,MX
@landyk aÃºn no tengo ese iOS,VE,MX
#panamapapers ataca de nuevo!! @luisfnoriega @alexjgutierrez,VE,ES
"A veces las empresas te preguntan, cuÃ¡nto tiempo necesitas para reincorporarte. Les dices un par de dÃ­as para entregar todo en el otro lugar y lo toman a modo de no estar interesado.QuÃ© les pasa.",MX,VE
Que se investigue a cada p u t o policÃ­a de mierda. Claramente se ve que le fue negado servicio mÃ©dico. Juicio y Castigo para los cerdos policÃ­as.,MX,VE
BUENOS DÃAS BANDITA Q TENGAN UN EXCELENTE DÃA CUÃDENSE MUCHO TODO EL TIEMPO X FAVOR ğŸ™ BENDICIONES LOS QUIERO ğŸ™ğŸ˜˜ğŸŒ,MX,VE
"Jaksjaja q traes estÃºpido,deja de decir que fui tu Summer ni te topaba xd",MX,VE
Chao amor - Omar GelesğŸ¶ğŸ¶ JAJAJAJğŸ‘†ğŸ‘† Aqui recogiendo la cÃ©dula ğŸ˜‚,VE,MX
"JjjAlrato te voy a dedicar una uva, no la cagues.Hjjj",MX,VE
@lalybeto super ricos los RT,MX,VE
@lalibelula85 @writeisgood Y para tenerla en casa?ğŸ¤”ğŸ˜…,MX,VE
#FueClaudia y las coladeras sin tapa ? 26 + 26 + 2 + lo que no se sabe,MX,VE
"SegÃºn la revista @TheLancet, mÃ¡s de cien mil niÃ±os quedaron huÃ©rfanos durante la #pandemia en #MÃ©xico.Mis oraciones para ellos, dÃ³nde quiera que estÃ©n.",MX,VE
"#TorreÃ³n sigue con rumbo a los 1000 casos confirmados, #Monclova en 2 lugar y #Saltillo en 3 lugar.",VE,MX
"A esta hora en 1947, el piansita Errol Garner estaba grabando Frankie &amp; Johnny, con su trÃ­o.",VE,MX
Gracias por el apoyo y los aportes a favor de la familia Cabareda,VE,MX
ayer note que he mostrado 15% de mi ingenio,VE,ES
Claro que me duele que no estÃ©s.ğŸ˜£,MX,VE
"Un dÃ­a estamos sentados hablando de deporte y polÃ­tica como solÃ­amos hacer y luego me despierto para recoger parte de tu ropa. AsÃ­ de jodido es no tenerte mÃ¡s, te extraÃ±o abuelo",MX,VE
pasen su user de instagram y asi nos seguimos,VE,ES
@elpablomateo Usar la visibilidad para algo Ãºtil,MX,VE
"Pues, ya que estÃ¡n en eso, tambiÃ©n hay que echarle una miradita a todos los ministros y jueces. No debe ser la Ãºnica...",MX,VE
Una entrada y media y la visita tomÃ³ ventaja con tres carreras. Â¡Vamos Sarape! ğŸ™ŒğŸ»âš¾ï¸. ğŸª–4 ğŸ‰2 #OrgulloDeCasa,MX,VE
no puedo creer lo que pasa en catalunya,ES,VE
@sharin_ort cÃ¡llate zorrona,MX,ES
"YA HAY CONSECUENCIAS POR LA IMPUNIDAD HACIA EL TERRORISMO NARCO SATÃNICO : ,ALERTA DE VIAJE A QUINTANA ROO A CIUDADANOS DE ESTADOS UNIDOS, SIGAN DANDOLES BESOS Y ABRAZOS...",MX,VE
"Si la luna brilla aÃºn estando en la oscuridad, tu tambiÃ©n lo puedes hacer. Â¡Ãnimo! eres hermosx.",MX,VE
@rozalenmusic alimentando almas,ES,VE
"Hasta yo sabÃ­a que Lainez iba a cruzar, es tan predecible este cabrÃ³n.",MX,VE
"Cumple con el requisito de analfabeta, ademas de traidor",MX,VE
"Cuando pregunte el precio de los lentes, querÃ­a llorar #ForeverCiega ğŸ˜«",VE,MX
y si es por corrupcion es gracia a ti jaaaaaaaaaa,VE,ES
@San_Diegocity por eso es exitoso,VE,MX
que felicidad,MX,VE
a mi me van a perdonar,ES,VE
Ver una pelÃ­cula y llorar 5 segundos no se compara con leer y no dejar de llorar.,MX,VE
en la sociedad. Di no a la violencia!!!! Di no al a Guerra!!!! y di si a la Paz y Libertad.,VE,MX
@Yo_Cayito Jajajaja sobre todo por su eficiencia y destrezas jajaja ğŸ˜‚,VE,MX
"Yo: Ay no, me cagan los mÃºsicos, nunca mÃ¡s andarÃ­a con uno. TambiÃ©n yo: Ay, es que canta bien bonito, escucha este audio que me mandÃ³. ğŸ¥º ğŸ¤¡ğŸ¤¡ğŸ¤¡ğŸ¤¡",MX,VE
"#nfl no es por nada pero Tennessee y Colts igual de malos, un partido lleno de puras pifias.",MX,VE
la buena ignorancia es atreverme a hacer un arroz de conejo,ES,VE
"@JotaElePalacios Bueno vivir en New York no es sinÃ³nimo de buen vestir, lo mismo esta gente que tiene muchos seguidores se la dan de fantÃ¡sticas y viajan en autobÃºs, fama en redes no siempre es $$ en la cuenta.",VE,MX
En carrizal estÃ¡n robando en la ladera mosca seÃ±ores los que suben a pie o carro no lo hagan estÃ¡n armados.,VE,MX
#nnno no.noooo https://t.co/MYDbYMiHKP,VE,MX
"No importa, seguimos siendo mÃ¡s de once. VAMOS PUEBLA!!!",MX,VE
De ningÃºn laberinto propio se sale con llave ajena.,MX,VE
Tyler Anderson #alwaysla a tres outs del sin hit ni carreraâ€¦ a ver si Dave Roberts no lo saca âš¾ï¸âš¾ï¸ fiel a su estilo,MX,VE
de que color es el caballo blanco de santiago? antes de responder preguntarle a tezanos,ES,MX
"Con estos errores defensivos de principiantes (Bruno Valdez, Emanuel Aguilera) el futbol ratonero de Solari queda exhibido, en cuanto espera cerrar los resultados sin atacar, los termina regalando penosamente.",MX,VE
@JosSalido4 JAJJAJAJAJAJAJAJAJJAJAJ,MX,VE
Empezando el aÃ±o y amanecÃ­ enfermo y sin fotos con mi outfit de ayer me lleva la v,MX,VE
"2/3 antes de entrar en el parlamento vasco, los diputados esperaban en una sala, el ujier les dijo que podian fumar en otra sala que tiene salida al exterior. amaia martinez se habia olvidado el tabaco y lo dijo en alto.",ES,VE
@_ryo_hermoso Abrazo grande y mucha salud!!,MX,VE
"#SiemprePresente MelitÃ³n Velasco, 48 aÃ±os, 3/5/21 https://t.co/qALdE4XVDJ",MX,VE
cono pero porque todo el mundo esta tan intenso hoy?respiren vale,ES,VE
"Me he permitido el lujo de contar cuantas veces ha jugado LAT, TX y nostros contra LV en entrenamientos:  LAT: 3 veces contando warmups + scrims MIA: 9 veces contando warmups + scrims (1 en LAN) TX: 5 veces contando warmups + scrims  Seguramente esten de risas pero me toca los",VE,MX
Ya se que siempre es lo mismo jajaja,MX,VE
@patronacasada y cual es tu numero de bbm,VE,ES
"@FotografaProfe1 Wow,linda vista, saludos a ambos",MX,VE
"En #Londres, ColÃ³n amaneciÃ³ con pintas. Entender, vivimos un momento descolonial. #NadaQueCelebrar",MX,VE
@AMAZONAA_7 Mira esta perla! https://t.co/rietbKS0Ut,VE,MX
AÃºn siguen saliendo videos del TarzÃ¡n de rama ????,VE,MX
"#TodosSomosMorrocoy La #Lista s #NoMasRentismo #WhichParticipatrdemocracy.  Muy poco, me importa.",VE,MX
"Ya estÃ¡n listas las etiquetas DIRECTA Y PARLEY de la 3969 para la NOCHE con la informaciÃ³n LOTERIL, NBA, NHL Y LVBP Ã‰xitosâ€¦",VE,MX
"Eso de ""vida nueva"" era en serio. Me estoy presentando con todos como Vero. ğŸ˜‚",MX,VE
"VÃ¡yase al Carajo yanqui de Mierda. Este C de M sigue con la manÃ­a de invadirnos, este charlatan estÃ¡ todo el tiempo drogao consume Cocaina ligada con Kriptonita pa dÃ¡rsela de Ã©l superman dueÃ±o del mundo NO ME JODA usted caÃ±erÃ­a taponada de mierda aquÃ­ hay un pueblo y FAN Cojonuda",VE,MX
"@tecnoimportccs @GreyviRoss Muchas gracias Ender, anoche no pude seguir, demasiadas trasnochadas, hoy vuelvo y sigo tu consejo, agradecida enormementeğŸ™ğŸ˜˜",VE,MX
"AyÃºdame a sentir en el canto jubiloso que brotÃ³ de tu alma y de tus labios, el servicio y la disposiciÃ³n, como en tu visita a Isabel. Deseo que mis encuentros diarios contigo animen mi ser, en el rezo del Santo Rosario,la mÃºsica y el canto como alabanzas a Ti, Madre de mi SeÃ±or!",VE,MX
MaÃ±ana es mi cumpleeeeeeeeeeeeeeeee!!,MX,VE
"Que se mejore Dra, por eso el uso de ml cubrebocas es importante, hace un par de dÃ­as andaba en el metro sin Ã©l, ojalÃ¡ no haya contagiado a nadie.",MX,VE
@juanfraescudero les ha matado el su hija esta muy mal la sanchez esta siendo prudente y siempre aceptando el consejo de los expertos tu aznar pidio perdon por la muerte de couso,ES,VE
"Te odio covid encima que le quitaste los conciertos a bangtan, ahora me quistaste la oportunidad de ir a bailar dynamite a la maricoteca NO TE LO VOY A PERDONAR",VE,MX
corretajes inmobiliarios conpra y venta bienes nacionales &amp; internacionales,VE,ES
Se extraÃ±a la familia https://t.co/Uy0moHs1XA,MX,VE
con mi mama de verdad no se puede,VE,ES
"Cuando vean las barbas de Luis cortar, pongan las de Andres a remojar",MX,VE
wendy cumple el 15 de febrero y aun No Abren La  bendita Frontera ahs,VE,MX
MaldiciÃ³n mi pasaporte vence en 2022 apÃºrate en irte covid,VE,MX
"Enero ""La guÃ­a del viajero intergalactico"" - Douglas Adams DescubrÃ­ que me gusta la ciencia ficciÃ³n con comedia â¤",MX,VE
"@revistapolemon Como el gas bienestar, como el banco del bienestar, como el AIFA, como la refinerÃ­a dos bocas, Â¿me pueden ayudar con mostrarme cuanto estÃ¡n dando a ganar estas empresas?",MX,VE
"@deniseramosm Si, estas marranaaaaa y cerda...ğŸ¤ğŸ•¶ğŸ™‹ğŸ»â€â™‚ï¸confirmo...",MX,VE
"Ahora que fallÃ³ #Instagram y #Whatsapp, sentÃ­ un extraÃ±o alivio.",MX,VE
@feluchini temblo fuerte aqui zona norte urgente,VE,ES
Ahora sÃ­ ya no tengo excusa https://t.co/npk5H664zO,MX,VE
Si no escuchas a Al2ğŸ’˜ğŸ’˜ğŸ’˜ğŸ’˜ğŸ’˜ğŸ’˜ #tueresbienmmg,VE,MX
"@CFCUruguay Yo puse Intermedia.A ver, es un hecho que requiere tiempo y no es malo, pero al mismo tiempo es un tÃ©cnico no probado en la Ã©lite.Y lo dije al inicio, no tenÃ­a algo que fuera una clara seÃ±al de mejora contra lo de Tuchel, al inicio tuvo resultados pero ""circunstanciales"".",MX,VE
"@AleConnecting Ay valeeee, listo ya sÃ© quien es.",VE,MX
@El_Sick_o @BienDibujo @BioSfectios @AshyShadowsArt @pelado_art @ArtPeluca @pumpkin20303 @NsfwJuanpagames @Simon_NT1 Ahuevo,MX,VE
CUÃNDO EL #RIO... ECHEMOSLE MÃS #LEÃ‘A AL... NO DIGAN QUE NO SE LOS (#COMPARTI ))),MX,VE
@urquizowsky Me di cuenta que mis vecinos estÃ¡n armados,MX,VE
UAA trabaja en la disminuciÃ³n del uso del papel #Gallos   https://t.co/WLckNyPiQw https://t.co/URsDzF4ZfW,MX,VE
La gente Del Valle no hace cosas bien ridÃ­culas jaja la gente Del Valle es feliz jaja,MX,VE
"Ya eh mezclado en 3 Rumbas de la Fermin Toro, y las 3 han sido todo un Ã‰xito.",VE,MX
EstÃ¡s a tiempo si llegas 5min antes! Estas tarde si llegas a tiempo... ğŸ¤”,VE,MX
PARÃ QUE LO VEAN TANTO EL CACAS CÃ“MO SUS ESBIRROS. SIGANLE RASCANDO LOS GÃœEVOS AL TIGRE. Y VA A VALER MADRES. O SE SIENTEN MUY CONFIADOS QUÃ‰ LOS VA DEFENDER EL EJÃ‰RCITO?,MX,VE
4 monstruos brasileÃ±os!!! El puro Joga Bonito ğŸ¤™ğŸ¾ğŸ¤™ğŸ¾ https://t.co/15UcFXDBH9,MX,VE
Q.e.p.d. el periodista Regiomontano JosÃ© Angel pequeÃ±o Ramirez.,MX,VE
Este aÃ±o me he dedicado al gimnasio como nunca. Ya solo me falta nutriolog@,MX,VE
#politica a la queretana... #guardianesDelAgua #Libertad,MX,VE
Un verdadero compromiso requiere esfuerzo y sacrificio â€¦,MX,VE
"Cuando lo vean en persona, dirÃ¡n que es alguien disfrazado...Discutir con personas deshonestas hacia la argumentaciÃ³n, es tan inconveniente cÃ³mo hacer negocios con tracaleros...",VE,MX
"@CarlosGarc1a: registradora civil parroquia Lasso de la Vega ausente sta tarde no hubo posibilidad firmara carta de residencia, lamentable",VE,MX
Hoy un dia caotico y divertido. Me senti como niÃ±a chiquita corriendo y estando bajo la lluvia. Ahora solo espero no enfermarme.,MX,VE
bueno transfiereme tu ciudadania y tu pasaporte europeo que yo si odio vivir en esta mierda de intento de pais,VE,ES
"Llegue al lugar del famoso ""HEY HIJO DE PUTA"" que es el verbo to be de aquÃ­ ğŸ¤ ",MX,VE
"La estupidez humana tiene rostro, ""nombre y apellido"" y se jacta de tuitear. ğŸ™„",MX,VE
Les pagÃ¡bamos asesores para que les dijeran cuando levantar el dedo !!!,MX,VE
"Y eso que ya estÃ¡n vacunados, como es que se mueren?",MX,VE
37â€™ Buena presiÃ³n de Bernardeschi y Pjanic que genera un cÃ³rner.,VE,MX
el covid aqui esta feo,VE,ES
"#TuNoviaLaQueParece un autobÃºs , en cada esquina se anda parando  #SIGUEMEYTESIGO",VE,MX
"""No se ve nada bien si no es con el corazÃ³n. Lo esencial es invisible a los ojos"". El Principito. Antonie Saints ExÃºpery",VE,MX
habia que hacer un meme con esto y @hemerotecafilm lo hizo,ES,VE
Una vez mÃ¡s esta rata da de quÃ© hablar. Una vez mÃ¡s NO es por su inteligencia ni por su talento.,MX,VE
Excelente rato que pasamos muchas gracias x la visita,MX,VE
"@yayavazquez En todo coincido, pero tengo mis dudas sobre los sentimientos ğŸ¤”",MX,VE
"Porqe aparece canallin calderÃ³n y salinas ,no estÃ¡ compitiendo , esas gentes ya no viven de loqe producimos los mexicanos el qe vive de nuestros impuestos es el viejo loco ,,",MX,VE
"Gracias a Dios, si fue y siempre serÃ¡ la semana mÃ¡s importante de TODA MI VIDA !",MX,VE
Los fachos quedando en ridiculo https://t.co/63z6ue8rUa,MX,VE
"OjalÃ¡ fueras recalentado, para comerte 3 dÃ­as seguidos jsjsjsjsj",MX,VE
el servicio al cliente en durango en general es horrible.,MX,ES
"Aquellos q no conocen la historia, estÃ¡n condenados a repetirlaâ€¦.",MX,VE
"-Tomando una cuba, pensando en que ritmo te gusta ver latir mi corazÃ³n-â¤ï¸",MX,VE
Voy hacer el ritual de las lentejas y SOPORTEN.,MX,VE
"Todo el peso de la Ley... SÃ­, tambiÃ©n para los del 'metro' caÃ­dos.",MX,VE
"Niall es un buen chico, Ã©l no nos da dramas. Niall is in Bali",VE,MX
antonio gonzalez terol del pp va con numeros por delante no como la chiqui montero que solo critica y dice pamplinas catetamente,ES,MX
Los trabajadores que abucheheron a todos los presentes.,MX,VE
"Una caraja cantando: quieren chorizo, las chicas quieren chorizo.... // y ahora se me pego y no precisamente el chorizo ğŸ˜‚",VE,MX
Son tiempos de definiciones. Estoy a favor de la competencia como modelo para acceder a bienes y servicios de calidad y precios accesibles.,MX,VE
Mi mayor logro del aÃ±o fue que me siguiera @calleypocheoffi mrk. TodavÃ­a no me lo creo que eso pasÃ³ este aÃ±o.,VE,MX
fuimos libres y volabamos,ES,VE
Lamento mucho su salida de la UIF ha sido el mejor funcionario del gabinete su desempeÃ±o fue excelente,MX,VE
ğŸ“² Plataformas de redes sociales como Facebook e InstagramğŸ“ bloquearon las cuentas donde  â€˜Andrew Tateâ€™ acumulaba millones de seguidores. ğŸš«ğŸ‘‡ğŸ¼ https://t.co/xp0NVCQWsS,MX,VE
q envidia me dais los q teneis un atico,ES,MX
Denmar si es farandi y que estaba en la plaza,VE,MX
Las palabras de nuestro mayor socio comercial. Pregunta esto no deberÃ­a preocupar,MX,VE
"Alfonso Rivas debe estar todos los dÃ­as en el lineup de los Cubs. Hoy es titular y ya se volviÃ³ a hacer presente en el marcador, al negociar base por bolas y anotar la del empate. #Cubs",MX,VE
El polÃ­tico e historiador inglÃ©s Lord Acton acostumbrado a la Ã©tica del juicio pÃºblico inglÃ©s decÃ­a: â€œTodo lo que se mantiene secreto degenera y no habrÃ¡ seguridad sin exposiciÃ³n y publicidad.â€ Exactamente lo que ha ocurrido con los secretos y degenerados juicios de arrendamiento,VE,MX
Y a la final que de sin el burro ni el mecate,VE,MX
"@Urantia_ Oyyyeee â€¦ es una cadena de supervivencia, de â€œde que lloren en mi casa a que lloren en la suyaâ€, y un horrible cÃ­rculo de personas buenas que se obligan a tener que hacerlo. ğŸ˜”",MX,VE
"@adriamr_ Buenas tardes, tu comentario es muy importante para mejorar la calidad de los servicios que ofrece CAPUFE. Para brindarte una mejor atenciÃ³n y seguimiento te invitamos a formalizar tu queja llamando al 074 o bien enviando un correo a la cuenta expresionesciudadanas@capufe.gob.mx.",MX,VE
Hay dos maneras de dejarse engaÃ±ar.Una es creer lo que no es cierto;la otraes.Negarse creer lo que es verdad seiren kierne ghhard,VE,MX
@MYreasonNamjin yo t amo mÃ¡s,MX,VE
@horaciorlarreta Ponente un negocio y genera empleo genuino.,MX,VE
Este aÃ±o me enseÃ±Ã³ a ser mÃ¡s fuerte y a ser mÃ¡s feliz ğŸ¤©ğŸ˜ğŸ¥²ğŸ˜­,MX,VE
XDDDDD es peÃ±a nieto espaÃ±ol y de izquierda por eso les va como les va...,MX,VE
"4 que se ponga fin al paro, los trabajadores tengan salarios dignos y los recursos publicos se utilicen para ayudar a las familias espanolas y promocionar la natalidad.",ES,VE
a veces olvidamos que siguen existiendo otros dramas en el mundo,ES,VE
@albertoarcosweb detallazo que te honra senor... yo tampoco tengo a nadie,ES,VE
Hola gordita sabrosa oye amor estas bien buenota kiero estar contigo en medio de tus piernas hermosas amorcito,MX,VE
AÃ±omio,VE,MX
"Mi trabajo estos Ãºltimos dÃ­as ha sido promocionar la mejor canciÃ³n del 2018, o sea: Me escuchan? - Thalia.",VE,MX
@jmaryli @diario_16 #ayusodimision por 1.mentir y manipular en este tiempo.2.usar el cargo para su autopropaganda,ES,VE
#ALMOMENTO | Muere el empresario Manuel Aguirre Saracho vÃ­ctima del #Covid19 en un hospital de la ciudad de #Monterrey. Se mantenÃ­a intubado desde la semana pasada y hoy confirman familiares su fallecimiento a los 67 aÃ±os.,MX,VE
"Me siento bien de saber que mis hijas son independientes, y saben hacer cosas sin necesitarme...",MX,VE
Vamos Mati eres la mejor te amoooooğŸ˜ŠğŸ˜Š#VLAenDomingo,MX,VE
"los traficantes de personas matan. y los terroristas que traen en sus barcos, como el ultimo de niza, tambien.",ES,VE
Nuestro Presidente Municipal de Fresnillo nos Comparte una Nota con la celebraciÃ³n del DÃ­a del Padre. #RSM2024 #SMA,MX,VE
Que ganas de estar comiendo marisquitos y echando cheve en el Eladios de Progreso caray...,MX,VE
"Para no volver ver a madres con hijos en los brazos haciendo cola en lluvia y sol, para a veces no conseguir nada #NuvipaconLaConstituyente",VE,MX
Rescatar el derecho a la ciudad como filosofÃ­a de gestiÃ³n. Recuperar espacios pÃºblicos para el disfrute de la gente. El ser humano como protagonista de la ciudad que ha construido.,VE,MX
CONCLUYE CON GRAN Ã‰XITO EL PROGRAMA â€œCUENTA NUEVA YÂ BORRÃ“Nâ€ https://t.co/7p503aCTVZ,MX,VE
Esta hermoso ğŸ¤© https://t.co/YnHAqSxWbc,MX,VE
Me sorprende mucho la falta de capacidad de muchas personas. ğŸ¤¯ğŸ¤¯ Verga y aÃºn asÃ­ tienen hijos. ğŸ¥´ğŸ¥´,MX,VE
@pagina12: Rusia anuncia que su vacuna estarÃ¡ certificada el 12 de agosto https://t.co/95XH1el82P,VE,MX
"Ya lo atoraron, ver si en la cÃ¡rcel se pone igual de rabioso, este animal. AllÃ­ si le salen valientes",MX,VE
"Amo tanto las Palomitas de Doritos, pero tambiÃ©n extraÃ±o las de Cheddar. ):",MX,VE
No sÃ© por quÃ© le agarrÃ© una adicciÃ³n a la Eredivise.,VE,MX
Ya va ya va!!Paren todo soy el crush de alguien ğŸ˜ ğŸ˜,VE,MX
FEDERICO VALVERDE. https://t.co/2AZuXFIO7E,VE,MX
"QuÃ© tiene Nico, que intimida a los mÃ¡s cercanos de su entorno?  TamaÃ±o? Inteligencia? FormaciÃ³n? Todas las anteriores.",VE,MX
"Porque cada vez tiene el cerebro mÃ¡s deteriorado. Siempre ha sido un imbÃ©cil, pero ahora es un imbÃ©cil senil muy enfermo de poder y con pÃ¡nico de perderlo.",MX,VE
Me arrodillo frente al justo y si al Diablo he dado gusto.. Ha sido buscando el bien.,VE,MX
"Yo estoy literalmente modo enamorada-derretida de amor por mi sobrino Juan Carlos, es que tiene hasta nombre de principe - rey. Mi catirrucio herrrrrrrrrmoso â¤ï¸ğŸ˜",VE,MX
"@angles_lalalala bueno, eese mueble es cÃ³modo:$",VE,MX
@armandin14 Se ve tu ğŸ† esta cansadito,MX,VE
"CASI NUNCA OPINO DE POLÃTICA Y RELIGIÃ“N, Y SABEN HOY MENOS QUE NUNCA,TENGO MIEDO QUE ALGO LE PASE A MI FAMILIA O AMIGOS, CREO ES MAS SALUDABLE HABLAR DE TIGRES Y RAYADOS QUE DE TODO LO QUE ESTA PASANDO EN NUEVO LEON Y EN EL PAIS; QUE TENGAN UN EXCELENTE FIN DE SEMANA BENDICIONES",MX,VE
Â¿Lo que construimos se acabÃ³?,MX,VE
"escenario internacional, que para eso estÃ¡ el Consejo de Seguridad. Â¿O para quÃ© era el asiento de primera fila?â€",MX,VE
LULA YA ES PRESIDENTE | Un renacido Luiz InÃ¡cio Lula da Silva juramenta con la promesa de acabar el hambre https://t.co/Ih3ZxtueoS,MX,VE
"Buen DÃ­a ,iniciamos este SÃ¡bado trabajando y cerramos el Mes con todo.Que a todos nos vaya bien.DIOS nos reparta suerte.Abrazo FortÃ­simo.ğŸ˜·",MX,VE
@podertactica muy interesante...sobre todo que aqui nos han enseÃ±ado a temerle muchisimo al conflicto.,VE,ES
@rosacorrea_tv gran trabajo maja!!! ya pareces hasta de la familia..... animo,ES,VE
@MariLoliPellon Pero dime Mari Loli quiÃ©n vive en la Acocota hay se ve que no tienen Madre Ã³ que su madre tambiÃ©n es una puerca puerca y muy puerca,MX,VE
CuÃ¡nto me gusta este rancho Por eso seguido vengooo,MX,VE
Nuca he visto un camiÃ³n de mudanzas detrÃ¡s de un cortejo fÃºnebre,VE,MX
por eso,ES,VE
@AndresAerF  Gracias papa Dios por darle otro aÃ±o mas de vidağŸ˜ #FelizCumpleAndresAerf,VE,MX
Que canalla! Siempre bloqueando lo esencial,VE,MX
AcÃ¡ vemos como el pueblo canadiense ama al amigo de #ElMerluzo,MX,VE
"El comentario de este compa y aquello de ""sÃ­, pero el PRI robÃ³ mÃ¡s"" es lo mismo. ğŸ¤£ğŸ‘‡",MX,VE
"Y No es Odio, ni Rencor, Se han llevado lo mejior. Todo lo demas es falso, Falsos Lideres y Mesias. Lios Qye Mandan Se Cagan de Rida",MX,VE
Hay un lugarcito garantizado en el paraÃ­so para quienes me pasan mÃºsica nueva.,VE,MX
queria ponerme algo sencillo para salir a aplaudir hoy,ES,VE
@alex_gou @HNMPL @alexgouboy en este perfil somos fans de @HNMPL_MX.Necesitamos estas sorpresas@GOUPRODUCCIONES,MX,VE
"Blumer tips: LencerÃ­a para mujeres #7 AtrÃ©vete con la lencerÃ­a para mujer Si te atreves a probar un cambio respecto al tipo de pantalones y faldas que usas, Â¿por quÃ© no tambiÃ©n hacerlo con tu ropa Ã­ntima?  AtrÃ©vete a verte distinta usando lencerÃ­a para mujer distinta  #Woman #J12",VE,MX
"Que hoy gana el Merengue, lo saben hasta en Sierra Leona",MX,VE
"La inseguridad en Carorita y Campanero, en Carora, azota a pasajeros y conductores de rutas urbanas",VE,MX
Mis top fans mÃ¡s increÃ­bles #mytopfollowers #NewYear via https://t.co/VcuCdupqbr Haz retuit si te ves @valetudiosa666 @kou_mlavega18 @Slimeman1903 @dibujante_fino @Harukon_ituman @ReinaPikachu @SugarPanzu @PowerHctorave1 @wecheyoc @ileanyan_nsfw https://t.co/6kKj2E6KDx,MX,VE
"La montaÃ±a que asoma al horizonte, anuncia calma al navegante.  #CuentosDe10",VE,MX
Lo bueno: GanÃ© en Pictonary.   Lo malo: MaÃ±ana trabajo desde las 5.   Lo mejor: Un trago y me voy ğŸ˜‚,VE,MX
"Crossover de comida lagunera. Los Fancy Jochos y el formaggio de Chery son algo sensacional ya de por si, asÃ­ que el combo debe ser poÃ©tico.",MX,VE
la vida no se trata de vivirla,ES,VE
Es atrÃ¡s de plaza san isidro y/o cucea & prepa 10,MX,VE
"@soypimenton Ya vengo, voy a jartar",VE,MX
"En entrevista para #LibreOpiniÃ³nQro, el noticiero del 107.9 FM, que buscarÃ¡n promover la venta directa de su ganado y sus productos derivados, a fin de abaratar costos y beneficiar a las amas de casa.",MX,VE
"Aplausos de pie! Desentiendo el que algunos consideren que los estudios sean algo â€œcasi maloâ€. Los estudios y el trabajo, en conjunto, son los que permiten una verdadera movilizaciÃ³n en la escalera socioeconomica. Pero claro: en democracia y en libertad!!",VE,MX
"@AyudaMovistarVe Ok gracias, espero no me manden a Internet o al 811 (la gente q me ha tocado en el 811 es totalmente incapaz) disculpen.",VE,MX
"El 1Âº de mayo nos recuerda aquella revuelta en #Haymarket, Chicago, en donde algunos obreros lucharon por los derechos laborales. A 4 los detienen y los condenan a muerte. Uno se suicida y los otros 3 al tambo. En EEUU y Canada el #laborday es el 1erunes de sept. ğŸ¤·ğŸ½â€â™‚ï¸",MX,VE
"Parece broma, pero asÃ­ de ""genios"" se creen los del Madrid. ğŸ¤£ğŸ¤£ğŸ¤£ğŸ¤£ Â¡PatÃ©ticos!",MX,VE
"Adolf B. Horn, a la altura del autÃ³dromo y CÃ¡ntaros. ğŸš” ğŸ‘® ğŸš“ ğŸ‚",MX,VE
"AsÃ­ como hoy aÃ±oras  cielos azules,  un dÃ­a soÃ±arÃ¡s  con las nubes  y su lluvia",VE,MX
@alexdelareta A la mejor trae una masacuata adentro ğŸ¤£ğŸ¤£ğŸ¤£,MX,VE
AsÃ­ es xq no podÃ­a solucionar de nosotros menos d otras personas x eso no de vemos cargar los problemas de otras cosas q no nos corresponde mejor de vemos estar al margen ğŸ‘ŒğŸ‘ gracias,MX,VE
"Mazuntle â¤ï¸ La vida siempre es hacia adelante... Que quede atrÃ¡s lo que ya no deba estar... Perdona, Sana y Olvida",MX,VE
Â¿QUE CLASE DE ESTUPIDEZ ES ESTÃ? Â¿EN QUE MUNDO VIVIMOS? Â¿QUIEN CREO ESTA MALDITA IDIOTEZ DE HASHTAG? #MujerGolpeadaEsMujerFeliz,VE,MX
"Muere el alcalde potosino de Santa MarÃ­a del RÃ­o, Emanuel Govea, en accidente automovilÃ­stico - El gobernador confirma la informaciÃ³n, sn aportar mayores datos https://t.co/j4jrta0zv1",MX,VE
#HayVecesQue me da unas ganar de guarimbiar jaa wenoo,VE,MX
"Quiero subir al cielo, con mi planta de chicharos mÃ¡gicos.",MX,VE
Mi mas setido pÃ©sameğŸ˜”,VE,MX
"Nueva tienda bros!! Gracias de corazÃ³n a todos los que usÃ¡is mi cÃ³digo Jorge_Most , me ayuda mucho a seguir con todo esto â¤.   #Fortnite #EpicPartner https://t.co/3IcI0CGF26",VE,MX
"@MariettoPonce @ManuelRojano17 No te lo vas a cog... Bueno, tal vez sÃ­.",MX,VE
q pena me da no tener ningÃºn tipo de talento,VE,MX
"Orale hit and run, lo macanearon feo, aplica el dicho, el q rÃ­e al Ãºltimo, pues rÃ­e mejor..zas apa Â¡Â¡Â¡",MX,VE
"En estos tiempos ya hablar con personas que tenÃ­a mucho que no hablabas, es enterarte de cuatro funerales, una boda, y tres divorciosâ€¦",MX,VE
@Aru_Alvarado ERES EL MEJORRR,MX,VE
Hasta mascando chicle se ve guapisimoooo Dios miooo https://t.co/njdr6ZJGPH,MX,VE
"ComprÃ© La sombra del viento de Carlos Ruiz ZafÃ³n en 16mil bs, no puede comprar los demÃ¡s...70mil cada uno.ğŸ˜ ",VE,MX
Â¡En penaleeeeeeees! Betis y nuestros mexicanos Lainez y Guardado se acaban de coronar en Copa DEL Rey! ğŸ¤©,MX,VE
"ğŸ¤¦â€â™‚ï¸ #BroncosCountry dejan de coach interino al asistente que el coach al que acaban de despedir habÃ­a contratado para tomar las decisiones que Ã©l debÃ­a tomar como coach. O sea, dejaron de coach interino a uno de los responsables de su malÃ­sima temporada. Total, quÃ© son 2 juegos",MX,VE
"Antes cerrados los negocios por pandemia, ahora cerramos nosotros mismos por miedo a que vengan a hacer su desmadre los animales esos, que coraje ğŸ¤¬ğŸ¤¬ğŸ˜­ #CdJuarez",MX,VE
dios bendiga al santo padre,VE,ES
Le pusistes el fin a lo mas bonito que te pudo haber pasado en mucho tiempo,VE,MX
Â¿CuÃ¡l fue el efecto de la aplicaciÃ³n del conocimiento cientÃ­fico y la medicina indÃ­gena para aliviar las consecuencias de la crisis epidemiolÃ³gica de la COVID-19? #UGCH #HAyuntamiento #cultura #SLP #history #ODS #Education #SomosIndigenas,MX,VE
Buried in detroit tiene un cierto parecido en i took a pill in ibiza,VE,MX
"190 correos recibidos, descargados y organizados de 250. Â¡Nos faltan 60!",MX,VE
"Cuando estoy crudo tiendo a ser mÃ¡s bondadoso y por algÃºn motivo hago teorÃ­a econÃ³mica en mi cabeza Ah, y tiendo a tragarme 3 hamburguesas",MX,VE
"Si eran vecinos cercanos cuidese mucho UD.Haga el rastreo epidemiologo d sus vecinos,,esto no es juego,trabajo n l salud y es muy triste ver abuelitos de mÃ¡s de 80 sufriendo esto solitos, el personal d salud al tope no ls puede ayudar mucho entre sobrevivir y ayudar a cumplir tto",VE,MX
"Ayy y bueno, bueno la porra de mi novio hermoso que me hace desde lejos, desde cerca de todas las maneras jaja. ğŸ˜‚ğŸ¤—",VE,MX
Puertas a dentro la cacerÃ­a sera mÃ¡s exitosa.,VE,MX
no se pq nos dejamos si tÃº me amas y yo te amo,MX,VE
D.E.P #Debanhi #ViolenciaDeGenero urge mÃ¡s #SeguridadCiudadana #vecinosvigilantes #Resilencia porque estÃ¡ el #gobiernoRebasado,MX,VE
"espero que esta gente no saque un juego llamado ""apocalipsis"" o ""ha llegado el fin del mundo""",ES,VE
la gente se antoja de invitarme a cualquier sitio cuando andres esta apunto de llegar,VE,ES
"Gracias bro te amo, siempre borracho nunca inborrachoğŸ’•ğŸ˜Œ",VE,MX
Ni lo extraÃ±amos ni tampoco hizo falta para ayudar. Contra la PANDEMIA?,VE,MX
"Y, entonces, para quÃ© gasta millones en hacer la consulta?? PIÃ‰NSALO! Es una FARSA",MX,VE
Â¿Le estÃ¡n echando la culpa a la gerencia de las tres derrotas de los Tigres? Â¿De verdad?,VE,MX
Eee pa q me haces una pregunta obvia si no vas a aguantar mi sarcasmo?,MX,VE
"@_noyolita @CynthiaHijar Supongo que gente que ve como ""menos"" el hacer tamales...",MX,VE
* saliendo para nueva zelanda,VE,ES
en verdad yo no voy ahora a la compra,ES,VE
Y siguen pensado que no se necesitan militares en las calles ??,MX,VE
El trÃ¡iler de marvel fue mejor que toda la pelÃ­cula de DC xd,VE,MX
@chicalibelula2 Pues puedo investigar respecto a la piÃ±ata. Ahora respecto al palo ya dalo por descontado...,MX,VE
vacilate esta noticia @lubrio,VE,ES
""""" ES QUE TODOS LOS MARICONES ADINERADOS DE MERIDA CREEN QUE LUIS NO SABE COMO COMO PERROS AMBRIENTOS VAN A CUBA A BUSCAR HOMBRES QUE SE LOS COJAN ESO CREEN PERO LUIS ES UN MUNDIAL REVOLUCIONARIO Y SE ESPANTARAN DE LO QUE ES ESO PUTOS AL DESCUBIERTO DE MERIDA",MX,VE
Asi es bella no hay horario ni fecha en el calendario,VE,MX
Quiero que me entierren una gruesa y venuda ğŸ¤¤,MX,VE
No es por nada pero Lubrio se gana bien su plata.Creo que ni a su familia defiende tanto.Su plata bien ganada. Jalando todo el dÃ­a,VE,MX
"enfrentÃ¡ndose a una ausencia de fondos para producir el anime original.Sin embargo, con el pasar de los meses se han ido revelando ciertos vÃ­deos teaser y en el mes de abril de este aÃ±o, se publicÃ³ el primer clip de 1 minuto y 30 segundos de duraciÃ³n para la serie, .....",MX,VE
@rea_trizem Y yo a tiiiiiiiiiğŸ˜©,VE,MX
Â¿CuÃ¡l ejemplar ğŸ‡ le gusta ğŸ‘† para triunfar ğŸ’°en la 10Âª competencia del #22Oct en #LaRinconada?  Suma con tu opiniÃ³n o RT #SundayMorning,VE,MX
"â€” A mÃ­ nadie me da Ã³rdenes! â€” ""2% de baterÃ­a. Conecte el cargador"". â€” Voy!",VE,MX
Que hermosa presentaciÃ³n de Shawn MÃ©ndez y Cyrus ğŸ’—ğŸ˜#GRAMMYsTNT,VE,MX
not mi ex copiandole a mi ex el looksito,MX,VE
Que serÃ¡ que estÃ¡ esperando Katy Perry para parirQue llegue la vacuna del covidQue saquen a TrumpQue Rihanna haga un discoQue Adele regrese a la mÃºsicaQue la niÃ±a sea mayor de edadQue consiga el amor de mi vidaQue sea el 2021 Que liberen a BritneyQue se retire Madonna,VE,MX
"Yo ya no tengo esperanza en el mundo. Una sociedad podrida de pies a cabeza, un mundo convertido en un basurero, y todos nos encontramos con un destino en comÃºn. Y nadie puede cambiar las cosas.",MX,VE
"Solo dejame tu boca, Solo dejame tu cuerpo, Lo que se da ya no se quita, No te me lleves todo eso.... ğŸ’£ğŸ’£ğŸ’£ğŸ”¥ğŸ”¥ğŸ”¥ğŸ‡»ğŸ‡ªğŸ‡»ğŸ‡ªğŸ‡»ğŸ‡ªğŸ‡»ğŸ‡ªğŸ‡»ğŸ‡ª",MX,VE
"No se dice ""mÃ¡s mejor""; se dice ""mucho mejor"". AsÃ­ suena menos pior.",MX,VE
"No les pasa que cuando te sucede algo increÃ­ble, se lo quieres contar a todos.No por presumir sino, porque no puedes con tanta emociÃ³n",MX,VE
AhÃ­ viene ella con sus pinches vÃ­deos y no me va a dejar ver la pelÃ­cula :),VE,MX
Yo lo sabÃ­a entonces fue una mujer #nomanches no puedo con tanto pero bueno yo se los advertÃ­ el circo ya abriÃ³ sus puertas #sinmiedo #diganlaverdad,VE,MX
QuizÃ¡ me preocupo demasiado...,MX,VE
De vez en cuando estare subiendo algunas fotos al grupo de telegram uvuhttps://t.co/sZoM3Yntjc https://t.co/URoamPMyBG,MX,VE
En la vida uno a veces puede tener miles de problemaa encima muchos!!!Pero eso No quiere decir o no impide asumir nuevos retos y proyectos!!,VE,MX
No les da remordimiento como lastimaron a los que mÃ¡s les dieron?,MX,VE
@nashovizuet Â¡Feliz cumpleaÃ±os!ğŸˆğŸğŸ‚ğŸŠğŸ‰ https://t.co/eD8g2dMs6f,MX,VE
"@pepita_rr Jajaja, seee, mi mamÃ¡ es buena resumiendo cosas :)",MX,VE
Y este tipo de gente es la que luego va a pedirle el voto a quienes insultÃ³ ğŸ‘‡ğŸ»,MX,VE
seria interesante saber esos empresarios a cuales empresas representan?,VE,ES
no soy yo de prodigarme mucho de puertas hacia afuera,ES,VE
"2/2 Como Presidenta de la ComisiÃ³n Permanente de Asuntos PolÃ­ticos, a la cual fue turnada la referida iniciativa ciudadana, reiterÃ³ mi compromiso de analizar esta propuesta ciudadana que busca garantizar los derechos humanos de las personas con discapacidad. #DiputadaMarbella",MX,VE
(Igual yo),MX,VE
"Esta loca se esta atravesando mucho en la autopista, yo como que voy a venir chocando.",VE,MX
jamas la logica del mundo nos ha dividido,ES,VE
Esperando el trailer de  #SuicideSquad ğŸ˜± ğŸ˜±,VE,MX
mis fenix prometo que si llegamos a los 100 sub antes de que termine el aÃ±o me pintare el pelo de azul y grabare con mi hermano en peru,VE,MX
Padre de Debanhi Escobar asegura que el cuerpo encontrado si es de su hija.,MX,VE
no supero corona freestyle,VE,ES
PasÃ³ Jesus Corona y le dijo Â“pinche mancoÂ” a Ederson.,VE,MX
"Â¿Se siente perdido en el mar de palabras manoseadas hasta la nausea en este paÃ­s? Pronto, el Diccionario del lunfardo mexicano. Ã‰sperelo.",MX,VE
hoy camila corona,VE,ES
"QuejÃ¡ndonos de nuestro suÃ©ter pero al final fue mejor que la otra secciÃ³n, Ã©ramos los mejoresâ¤ï¸",VE,MX
Tu novia bro @edul3on,VE,MX
Ya quiero que sea sÃ¡bado para ir a ver a mis rayadosğŸ«¶ğŸ»,MX,VE
"El sabio de corazÃ³n es llamado prudente, y la dulzura de labios aumenta el saber. Proverbios 16:21",MX,VE
En mi exposiciones si hay palabras raras al final doy su significado para que la personas entiendan ğŸ¤“,VE,MX
"PequeÃ±as acciones, pero se puede dar mucho mÃ¡s. ğŸ˜ğŸ˜ğŸ˜",MX,VE
Y para que se fueron??? Quien los obligÃ³?? Arrastrados!!!!,VE,MX
Ã‰l me hace sentir la niÃ±a mÃ¡s guapa del planeta â¤ï¸â€ğŸ©¹,MX,VE
@jorgebuxade destapa como las verificadoras newtral y maldita cobran dinero de todos. te quitan tu dinero para que luego ana paston & company te censuren,ES,VE
"Y no se pierdan las escaleras mecÃ¡nicas mÃ¡s largas del mundo, de casi 900m!!!",VE,MX
La desesperaciÃ³n de los Marineros de Seattle por el regreso de FÃ©lix HernÃ¡ndez a la rotaciÃ³n crece a medida que avanza la temporada,VE,MX
Acabo de presenciar la ceremonia espiritual mÃ¡s chula en mi experiencia! ğŸ¤âœ¨ MÃ¡s bodas asÃ­ ğŸ¤ğŸ½,MX,VE
â›„Â  Universo Por Estrenar -Anni B Sweetâ€“ un Ã¡lbum pop fuera de lo comÃºn Â¡Todos los detalles aquÃ­! â¬â„ï¸ğŸ¥¶#Arte #MÃºsica #Pop https://t.co/m6a4ATGeI5,MX,VE
Un Don no me deja de mirar groseramente en la combi.,MX,VE
"@jjmunozrengel Miraba pesado, miraba adolorido, su destino al caer al vacÃ­o. Sin ser, ni parecer se entregaba a la gravedad del hastÃ­o.No habÃ­a nada que perder, su estructura mÃ¡s que deformada, podrÃ­a ser un el mango de un cincel.Â¡No claudiques roca! aÃºn te falta caer encima de un ser.",MX,VE
"Muy bien, tengo memoria: quiero a todos aquellos a quienes leÃ­ acusando a GuaidÃ³ de ladrÃ³n por la malversaciÃ³n de esos fondos para los mÃ©dicos PEDIR PERDÃ“N! Si no, con mucho gusto los invito a salir de mi TL. EstÃ¡ bien la denuncia, la calumnia en este momento es TRAICIÃ“N A LA",VE,MX
me parece vergonzosa,ES,VE
NO LOS NECESITO NO LOS NECESITO NO LOS NECESITO NO LOS NECESITO NO LOS NECESITO NO LOS NECESITO NO LOS NECESITO NO LOS NECESITO NO LOS NECESITO NO LOS NECESITO NO LOS NECESITO NO LOS NECESITO NO LOS NECESITO NO LOS NECESITO NO LOS NECESITO NO LOS NECESITO,MX,VE
En Linea... En Linea... En Linea... En Linea... ... En Visto ğŸ‘Œ,VE,MX
TenÃ­a ganas de distraerme y todo ğŸ˜’ esto de la tesis me tiene bajo estrÃ©s pero maaaal,VE,MX
chamo pq a mi me persiguen las lesbianas no entiendo,VE,MX
SON UNOS VERDADEROS HDSRPTM CIRRUOTOS SIMBERGUENZAS!!,MX,VE
"El PV saliÃ³ justo cuando lo previne y, cosa que supe despuÃ©s, mÃ¡s lo necesitaba. Ese dÃ­a debÃ­a hacerme unos chequeos, inyectarme siempre me ha dado pÃ¡nico, pero al saber que al volver a casa verÃ­a este vistazo de mi re:start mÃ¡s esperado me dio fuerzas para afrontarlo...",VE,MX
"Fue asesinado Fernando Coria JimÃ©nez, jefe de seguridad del presidente municipal de Celaya, Juan Miguel RamÃ­rez SÃ¡nchez https://t.co/c2uMwKhzhD",VE,MX
ObtÃ©n tu sistema contable en excel + los libros de compra y ventas + retenciones de ISLR e IVA todo por un muy buen precio #eduardopp22,VE,MX
MiÃ©rcoles de palabras fuertes #reychiquito #TrinoMonero,MX,VE
"Nada compare, un momento de encabronamiento jaja",MX,VE
ya se va a acabar el aÃ±o y todavÃ­a no termino de pegarme las pestaÃ±as,MX,VE
"Ja ja ja ja... Por favor! Dios mÃ­o. Hay care`lapidas, que no sÃ³lo son mentirosos, sino que juran y comen mier..c.. que la gente les cree. Hay que ver el mundo que se han creado... Tristes, muy tristes Ã©stos personajes... Ni perdÃ³n, ni Olvido.",VE,MX
Que necesidad de abrir el hocico a lo estÃºpido !!!,MX,VE
esta mierda de primavera...,ES,VE
Aja ahora apoyo a Gregory Infante porque tambiÃ©n es de mi equipo y magallanes tambiÃ©n se puede pudrir jaja.,VE,MX
"@AlfaniTorres_ Obvio si, cuando Ã­bamos cargando los pupitres, se estaba riendo y el que venia detrÃ¡s de mi eras tu puesğŸ˜‚",VE,MX
Lo suyo serÃ­a que dieran clases directamente en el carril bici.,VE,MX
FaltÃ³ y sobrÃ³... Pericia del piloto y peatÃ³n temerario.,MX,VE
Como el viaje para encontrarse a sÃ­ mismo de los cheles con riales.,VE,MX
"No tiene la culpa el indio. AsÃ­ son los adictos, consumen de todo y por todas las vÃ­as posibles. Raro que no mueran mÃ¡s.",MX,VE
@anonymouslara23 @avilesciclismo @miguelubeto solo busquen la 3era etapa y vean la posiciÃ³n de ubeto yo lo vi llegar con lo ultimo,VE,ES
Super perdidos los investigadores... ğŸ˜’ğŸ˜’ğŸ˜’ #QuiÃ©nEsLaMÃ¡scara,MX,VE
"@IlotaDeCristo Gracias, igualmente, Dios te bendiga a ti y a tu familia",MX,VE
Los frijoles en MÃ©rida tienen mantenca; secreto de su sabor.,MX,VE
"La meta del aÃ±o es pasar menos arrecheras. AsÃ­ que equis, y buscare mi paz mental. No pasağŸ™‚",VE,MX
yo quiero que pierdan los 2... o que vayan a penales,VE,ES
#racionamientoelectrico un granm scrificio todos los dias es demasiado,VE,ES
"Diego reyes puede ir a chingar a su puta madre, neta hay gente que lo extraÃ±a?",VE,MX
"Agradecemos de todo â¤ a las personas que nos han dado muestra de aliento y apoyo, no nos queda duda que somos el mejor #EjercitoDeAmor",VE,MX
"Residente es un ideÃ³logo. Es fascinante, ademÃ¡s, que siga siendo el Caribe el origen de la autoexploraciÃ³n americana. Tan paradÃ³jico como potente.",MX,VE
Por que cuchito ??porque no naci en MÃ©rida???? Porque:((,VE,MX
Reporte de loidmatle. https://t.co/1CaoYjPBIN,VE,MX
"desde entonces ya temblaba, por eso, eso de : y retiemble en sus centros la tieeerra!.......",MX,VE
"Yo te inventÃ©, yo te desinvento",MX,VE
"Cuando terminÃ© con mi ex, recuerdo que mi mamÃ¡ me llevÃ³ a la playa para que fuera feliz y justamente el dÃ­a estaba nublado y la playa gris",VE,MX
No puedo creer lo que esta pasando en mi Juaritos ğŸ˜£,MX,VE
todo es un negocio,VE,ES
Un resumen digno de compartir https://t.co/aiKZGIy5tl,MX,VE
me cuenta un amigo politologo que esta de observador europeo para las elecciones en bolivia (aplazadas),ES,VE
Obviamente deberÃ­an ponerlo en cadena nacional pa que se eduquen todos y cada de ustedes.,MX,VE
"Y es que existen diferencias entre un buen poeta, y una vulgaridad plasmada en letras... #FrasesDePoetas #HBreves #PoesÃ­aBreve",VE,MX
"QuiÃ©n tendrÃ­a que verificar lo que publica o retuitea son ustedes, miserables. No les funciona nada, menos exponer a un menor de edad.",MX,VE
Este tuit lo escribiste con biden en la nuca?  O eres muy adulto para sus gustos?  No les da ni un poco de verguenza hacer esas becerradas dios mio.,VE,MX
"@Maldonado17A Salud a ti y a tu abue, lo mejor, y gpi. ğŸ·",MX,VE
queremos y necesitamos pagar #pasaporteexpress es nuestro derecho,VE,ES
Es mÃ­ imaginaciÃ³n o Ã©ste marzo se ha hecho eterno (?),MX,VE
hoy es domingo de aroma:de drogarme en casa y evitar el corona.,VE,ES
"Vaya, vaya...https://t.co/i59pqRNcp5",VE,MX
@MiguelCarbonell Ministro Laynez,MX,VE
"@Marifer26070804 ando sola, te mando ubi",MX,VE
No les da asco traer sus productos de maquillaje todos mugrosos y caducados? jaja tanto que se creen y ps jaja mugrosa.,MX,VE
@ratonpiruleroel tiene mucha logica que lo esconda su partido,ES,VE
"AdemÃ¡s del presidente LÃ³pez Obrador, otros hombres y mujeres darÃ¡n de â€œquÃ© hablarâ€ en los prÃ³ximos 12 meses.https://t.co/FNmBx88ttk",MX,VE
Dios ha sido bueno #BuenoEsDios https://t.co/hTfJCjEXW6,MX,VE
Me encontre esta caricatura ... https://t.co/4Fk0hkjLYl,MX,VE
@Yess_SKabeche Y yo a ti mi niÃ±a,MX,VE
@Herlisndm Que bonita forma de decirme pajuo,VE,MX
Baby se puso celosa porque le pusimos una camisa a otra perrita y ella pidiÃ³ una tambiÃ©n JajajsjsğŸ’• https://t.co/5dBNmck9Fn,MX,VE
@rosamanrubia lo siento mucho,ES,VE
Una llamada de 2 horas y 21 minutos con una amiga.. Es tipo una ActualizaciÃ³n de software ğŸ˜‡,VE,MX
@NituPerez AmÃ©n nitu.  AmÃ©n.  Q asÃ­ sea.  Feliz AÃ±o Nuevo mujer heroica y valiente por@luchar por todos !!!!  Un abrazo de un guaro residente en ccs.,VE,MX
"No debemos tener miedo a equivocarnos, porque hasta los planetas chocan y del caos nacen las estrellas.",MX,VE
"Art. 75 del Nuevo Reglamento de TrÃ¡nsito, esta prohibido decirle mi amor al agente.",MX,VE
"En #Restaurante Mallorca tendrÃ¡ a su alcance un menÃº con desayunos, comidas y cenas sin necesidad de salir de Hotel Mallorca.#CDMX https://t.co/2ELRB9M9HB",MX,VE
CÃ³mo me castra hacer favores pero me castra mÃ¡s no saber decir que no. ğŸ¤¡,MX,VE
un levantÃ³n o me duermo,MX,VE
Para cuando borran las paredes con el #EsClaudia !?,MX,VE
No dejes que tu estado de Ã¡nimo afecte tus modales. #FelizLunes ğŸ˜‰,MX,VE
no se que pensar al respecto con lo que leÃ­ de mi signo,VE,ES
Antes d la cena siempre se pelean pero mi papÃ¡ y mi mamÃ¡ ya llevan 19 aÃ±os peleando diario ya chole,MX,VE
POR FIN voy a ver #FastAndFurious8 ğŸ˜± gracias Pelis Plus!!,VE,MX
Lo que hubiera sido ver jugar a Campbell hoy contra leon :(,MX,VE
@Fabiolaydavid Cuando gusten amigos,MX,VE
"@VivIsadeMoran Por su puesto que no puede faltar. Para mi es sagrada, hay que hacer unracion y dar gracias por todo sea poco o mucho... bueno o no tan Bueno. Todo ese ciclo debe cerrarce en una oraciÃ³n. â¤ï¸",VE,MX
"Quiero darle las gracias a las personas me hacen feliz y me dan tanto amor.Gracias a mi familia, a mis mascotas, a mis amigas de la prepa y de la universidad, a mis maestros de la uni. Los quiero mucho!! &lt;3",MX,VE
#OdioAlTuiteroQue q se toma fotos como con mil filtros ğŸ˜,VE,MX
"Nada mÃ¡s veamos como actÃºan en CatalaÃ±a. Algunos separatistas actÃºan como alumnos fieles fel franquismo. La Ã©lite separatista era cercana a Franco.  AcÃ¡, aÃºn hay adoradores del â€œidearioâ€ de MPJ. Votaron a ChÃ¡vez â€œporque hacÃ­a falta un militar que pusiera ordenâ€",VE,MX
por ahora nadie sale por confianza con el gobierno... curioso,ES,VE
@NachoRgz El de tu seÃ±ora? ğŸ‚,MX,VE
Ya basta de tantos matrimonios! Ahora un pana segÃºn se va a casar. TenÃ­a miedo de que llegase este dÃ­a.,VE,MX
un outfit mÃ¡s naco no habÃ­a?,MX,VE
Agggghhh el maggggggg,MX,VE
"Conversaciones imaginarias, sobre situaciones hipoteticas en mundos paralelos.",MX,VE
"COMO ERA LO QUE DECIAN LOS BORREGOS DE LA OPOSICIÃ“N?, YA CASI SOMOS VENEZUELA?",MX,VE
ya empezaron con lo del 14feb dejen la intensidad,VE,ES
Sindicatos peleÃ¡ndose la plaza y el derecho aparte de quitarles el 30% de su sueldo!! No que primero lis pobres?.,MX,VE
"conocido, que lo que ha hecho es publicar publicidad hacia el gobierno llamandolos ""GIGANTES ETERNO"" solo porque se enchufo con algun militar del gobierno, que le mojan la mano para hacer sus trampas chimbas y los ves y viven viajando a #USA con #IPHONES #NIKES #BALENCIAGA etc",VE,MX
"La gran mayorÃ­a de personas, tenemos puesto cubreboca, bien por nosotros #AeropuertoInternacionalCancun",MX,VE
Sin palabras. ğŸ¤¦â€â™‚ï¸ğŸ¤¦â€â™‚ï¸ğŸ¤¦â€â™‚ï¸ğŸ¤¦â€â™‚ï¸ğŸ¤¦â€â™‚ï¸ğŸ¤¦â€â™‚ï¸ğŸ¤¦â€â™‚ï¸ğŸ¤¦â€â™‚ï¸ğŸ¤¦â€â™‚ï¸ğŸ¤¦â€â™‚ï¸ğŸ¤¦â€â™‚ï¸ğŸ¤¦â€â™‚ï¸ğŸ¤¦â€â™‚ï¸ğŸ¤¦â€â™‚ï¸ğŸ¤¦â€â™‚ï¸ğŸ¤¦â€â™‚ï¸ğŸ¤¦â€â™‚ï¸ğŸ¤¦â€â™‚ï¸ğŸ¤¦â€â™‚ï¸ğŸ¤¦â€â™‚ï¸ğŸ¤¦â€â™‚ï¸ğŸ¤¦â€â™‚ï¸ğŸ¤¦â€â™‚ï¸ğŸ¤¦â€â™‚ï¸ğŸ¤¦â€â™‚ï¸ğŸ¤¦â€â™‚ï¸ğŸ¤¦â€â™‚ï¸ğŸ¤¦â€â™‚ï¸ğŸ¤¦â€â™‚ï¸ğŸ¤¦â€â™‚ï¸ğŸ¤¦â€â™‚ï¸ğŸ¤¦â€â™‚ï¸ğŸ¤¦â€â™‚ï¸ğŸ¤¦â€â™‚ï¸ğŸ¤¦â€â™‚ï¸ğŸ¤¦â€â™‚ï¸ğŸ¤¦â€â™‚ï¸ğŸ¤¦â€â™‚ï¸ğŸ¤¦â€â™‚ï¸ğŸ¤¦â€â™‚ï¸ğŸ¤¦â€â™‚ï¸ğŸ¤¦â€â™‚ï¸ğŸ¤¦â€â™‚ï¸ğŸ¤¦â€â™‚ï¸ğŸ¤¦â€â™‚ï¸ğŸ¤¦â€â™‚ï¸ğŸ¤¦â€â™‚ï¸ğŸ¤¦â€â™‚ï¸ğŸ¤¦â€â™‚ï¸ğŸ¤¦â€â™‚ï¸ğŸ¤¦â€â™‚ï¸ğŸ¤¦â€â™‚ï¸ğŸ¤¦â€â™‚ï¸ğŸ¤¦â€â™‚ï¸ğŸ¤¦â€â™‚ï¸ğŸ¤¦â€â™‚ï¸ğŸ¤¦â€â™‚ï¸ğŸ¤¦â€â™‚ï¸ğŸ¤¦â€â™‚ï¸ğŸ¤¦â€â™‚ï¸ğŸ¤¦â€â™‚ï¸ğŸ¤¦â€â™‚ï¸ğŸ¤¦â€â™‚ï¸ğŸ¤¦â€â™‚ï¸ğŸ¤¦â€â™‚ï¸ğŸ¤¦â€â™‚ï¸ğŸ¤¦â€â™‚ï¸ğŸ¤¦â€â™‚ï¸ğŸ¤¦â€â™‚ï¸ğŸ¤¦â€â™‚ï¸ğŸ¤¦â€â™‚ï¸ğŸ¤¦â€â™‚ï¸ğŸ¤¦â€â™‚ï¸ğŸ¤¦â€â™‚ï¸ğŸ¤¦â€â™‚ï¸ğŸ¤¦â€â™‚ï¸ğŸ¤¦â€â™‚ï¸ğŸ¤¦â€â™‚ï¸ğŸ¤¦â€â™‚ï¸ğŸ¤¦â€â™‚ï¸ğŸ¤¦â€â™‚ï¸ğŸ¤¦â€â™‚ï¸ğŸ¤¦â€â™‚ï¸ğŸ¤¦â€â™‚ï¸,MX,VE
Te doy a probar de mi platillo acercando mi tenedor a tu boca... Te convengo.,MX,VE
Que le vaya bien cuando le practiquen la traqueotomÃ­a a los fines de recuperar sus cuerdas vocales . IncreÃ­ble como todos ellos se recuperan en 2 semanas y sin que se le practiquen dicha traqueotomÃ­a?,VE,MX
Ese fuÃ© un pase de factura bordado por el Chirinizado #JorgeRodriguez y su combo.,VE,MX
"Pues obvio, o sea, estÃ¡s hablando de LEONARDO DICAPRIO. Dios... ğŸ¤¦â€â™€ï¸",MX,VE
1er aniversario ... Muchas Gracias #BUAP por confiar en mi,MX,VE
El ejido La UniÃ³n serÃ¡ visitado el 19 de octubre; La Flor de Jimulco el 21 de octubre y Juan Eugenio el 26 de octubre.,MX,VE
Ah ! Pues que gran poder de convocatoria tienen esos diez !,MX,VE
âš½ï¸ğŸ‡«ğŸ‡· El fÃºtbol no para ni un dÃ­a y el 1Âº de enero ofrece un partidazo por la Ligue 1 francesa.ğŸ™Œ El lÃ­der PSG se enfrenta con el escolta Lens. Sigue el minuto a minuto con nosotros ğŸ‘‡ https://t.co/ijrSVaBiQG,MX,VE
@williameizarra cuantos no se han volteado,VE,ES
QuiÃ©n se une conmigo para descalabrar chaneques a las 3 am,MX,VE
"y me tenga que marchar... me recuerden con cariÃ±o"". #LeidoPorAhÃ­",MX,VE
"No puedo con este presidente. En serio no pudo ser peor, aparte de corrupto pusilÃ¡nime.",MX,VE
#espaÃ±a toda persona que es corrupta en #mexico se lo debemos a #espaÃ±a vinieron segun ellos colonizaron con sus pendejadas se llevaron todo lo que pudieron malditas ratas de alcantarilla dejaron toda su corruptela aca,MX,ES
@latalfer Y en el VPH es peor https://t.co/abJ6cMrh9o,VE,MX
20 puntos..excelente,VE,ES
@meninomanco haz pa todos pues,MX,ES
Diputado PSUV llama â€œalianzasâ€ entrega de Arco Minero a empresas transnacionales.,VE,MX
"La mÃ¡quina de recarga del metrobÃºs tiene opciÃ³n contactless, funcionÃ³ bien con la tarjeta pero para la otra lo intento con Google wallet.",MX,VE
"Este tipo de denuncia deben hacerla TODOS LOS MEDICOS que se encuentran expuestos en los hospitales su centro de salud, es su vida la que estÃ¡ en juego! #nomasmedicossinproteccion",VE,MX
ğŸ”¥cita y respondeğŸ”¥ Â¿QuÃ© tanto te conocen tus amigxs?,VE,MX
Terminas una relaciÃ³n y por RESPETO no tienes PAREJA por un tiempo. Y en ese mismo TIEMPO  tu EX tiene 3 novios 2 hijos y un aborto. ğŸ˜† #fail,VE,MX
estoy de acuerdo,VE,ES
Una excusa bien estÃºpida porque pueden discutir en video-conferencia. Pero de todo se pueden valer.,VE,MX
andrew cuomo,ES,VE
Tal vez el Ãºnico camino para no hacerle daÃ±o a una mujer es el suicidio #AStarIsBorn,MX,VE
"Me parece muy interesante todo eso, aunque todavÃ­a es muy pronto para sacar conclusiones; me llamÃ³ la atenciÃ³n lo de la relaciÃ³n del LDL-colesterol con la lucha contra infecciones... ğŸ¤”",VE,MX
AbriÃ³ la gta y la cago! En fotos se ve mÃ¡s bonita,VE,MX
"Definitivamente creo que es genÃ©ticamente imposible para mi ver una serie asÃ­, o veo capÃ­tulos seguidos a no veo nada.   Voy a parar directo a la clÃ­nica del sueÃ±o hasta el jueves, no voy a poder aguantar la ansiedad del otro capÃ­tulo.   #AmericanCrimeStory",VE,MX
"Por algo Idea VilariÃ±o escribiÃ³ ""Da hasta miedo seguir/ si con tan pocos aÃ±os pesa tanto la vida""",MX,VE
"Qpdo conmigo, estoy en la tirada como ore tragar mierda a lo pendejo y no tengo ganas, kesta pasando dr garciaaaaaaaaaaa",MX,VE
Solo en San NicolÃ¡s tienen el programa activo de Arboleando... Y el resto de los municipios?,MX,VE
En 96 horas y 10 min estarÃ© mÃ¡s cerca con mi boda eterna con la muerte,VE,MX
Se identificaron a 14 de los fallecidos en un accidente en la autopista Jala-Compostela https://t.co/6ReGxDcbqs,MX,VE
"Muy alarmante....desasistidos, en el abandono.",VE,MX
"Que si la brujerÃ­a de los billetes de 2, que los quememos, que los bombillos son cubanos, que nos espÃ­an, que adoctrinan a nuestros hijos con la canaimita y ahora esto? Esta SeÃ±ora. Se la fumÃ³ piche!ğŸ˜‚",VE,MX
Por mi ve a entrevistarte con San Pedro quien lÃ³gicamente no te darÃ¡ entrada,VE,MX
"Que vergÃ¼enza lo de los dirigentes de Dorados. Este tipo no es ejemplo para la juventud ,no es ejemplo de nada.pobre aficiÃ³n del equipo no los respetan",VE,MX
Nos casaremos el fin del #ERJES en la Sede del ERJES #RCCES,MX,VE
como pille al coronavirus ese,ES,VE
El equipo de @CodigoLibreMex les desea un #Feliz2023 a todos... â˜ºï¸ğŸ‘ğŸ‘ğŸ‘ğŸ¥‚ https://t.co/SGUCdpwTCX,MX,VE
"Odio el banco, todavÃ­a que me sacan dinero con los pretextos mÃ¡s legales, me hacen hacer horas de fila. Caen mal #BBVA jaja",MX,VE
AlgÃºn pasivo para un trÃ­o maÃ±ana en valle real a las 9 am,MX,VE
@meerprado  anda agendandolos,VE,ES
"Si sos tan feliz con tu novio, xq me lanzas carta blanca? Xq cuando venis a mi ksa me comes con la mirada o te sonrojas y me esquivas...?",VE,MX
Saludos al tigre! El problema grave es que el gobierno hace lo posible para seguirnos engaÃ±ando y no para solucionar la crisis terrible!,VE,MX
"@bella_duenas19 HabrÃ¡ que deshacer esos moÃ±os ,para ver todo el regalo!,y plenamente, juntos disfrutarlo!",MX,VE
En el nombre de JesÃºs declarÃ³ porque Dios nos da ese poder sanidad a su hija y que el EspÃ­ritu Santo provea las bendiciones necesarias para que la sangre de Cristo y la cruz en el monte Santo sean luz de sanaciÃ³n Amen,VE,MX
"El gobernado no puede estar ajeno a lo que sucede en su entidad y el Fiscal deberÃ­a renunciar, porque seÃ±ores insisto NO SE TRATA solamente de ella, hay cinco cuerpos mÃ¡s que se encontraron Â¿quiÃ©nes son, ya se localizÃ³ a sus familias? No se trata solamente de casos mediÃ¡ticos.",MX,VE
"Solo por hoy no te preocupes,solo por hoy no te enojes. Se amable con todo ser vivo,se agradecido con tu vida.Trabaja y esfuerzate.(1 DIA A LA VEZ.) ...",MX,VE
tranquil.ğŸ–¤ https://t.co/HDT4DN9kwK,VE,MX
NO MAMES NO HABIA VISTO QUE EL 7 DE ENERO SE ESTRENA NIER AUTOMATA EL ANIME A LA VERENGENAAAA ğŸ”¥ğŸ”¥ğŸ”¥ğŸ”¥ğŸ”¥ğŸ”¥,MX,VE
"Me toca trabajar este fin, modo leon dormido activado",MX,VE
"MÃ©xico tiene una democracia muy cara la cual hasta ahora es real , mÃ¡s hay un inesperado corrupto con un Lorenzo rehÃ©n de Narcoborolas, debe reducirse la cÃ¡mara y reducir ese gasto exagerado del INE.",VE,MX
@jorgedcasanova hola me averiguaste li del azucar,VE,ES
"Debido al cÃ¡ncer de mama, en 2020 fallecieron 7,821 mujeres y 58 hombres en MÃ©xico",MX,VE
Ya estÃ¡n activos para #LosChismeDelGordo? Los queremos a todos comentando!! ğŸ’£,VE,MX
maricooo jaja que partidazo el de kansas y oakland en la NFL,VE,MX
importante,VE,ES
"ATLAS VS PUMASSZZZZZZZZZZZZZZZZZZZZZZZZZZ,ZZZZZZZZZZZZZZZZZZZZZZZZZZZZZZZZZZZZZZZZZZZZZZZZZZZZZZZZZZZZZZZZZZZZZZZZZZZZZZZZZZZZZZZZZZZZ Y AYER EL CUINO SACANDO A GIÃ‘AC AL 70' QUE CHINGUE A SU MADRE",MX,VE
"Gira que gira, Sigue dando vueltas, Por un mal dÃ­a, nunca te detengas.",MX,VE
@deniseramosm Obvio la maquina del tiempo,MX,VE
"Xavi: Estoy enfocado en lo mÃ­o, en lo mÃ­o y no ando volteando a otro lado ğŸ˜‚â¤ï¸ #MasterChefJunior",MX,VE
o alguien empieza a tomar las riendas de esto ya o estamos abocados a la ruina mas infinita,ES,VE
@masrdz21 @EncuentroGayMty Oyeeee y si eeeh ğŸ˜ˆğŸ˜ˆğŸ˜ˆ,MX,VE
Una especie que creÃ³ los aviones pero es incapaz de bajar ordenadamente de ellos. Eso somos.,MX,VE
@juulietaag se cancela me da pena que me vean ğŸ¥²ğŸ¥²ğŸ¥²ğŸ¥²,MX,VE
@LauraTcomunica https://t.co/kOnC6VpuQf Ojo no es por apoyar al seÃ±or de la foto pero ese estudio si existe,VE,MX
@Cicloops_ Hola @QuarkCraft @QuarkMods,VE,MX
Quien de Pto ordaz como para conversar y tomarse un cafÃ©,VE,MX
@PacificoMx_ saludos amigos estamos buscando patrocinantes para nuestra gira promocional por mexico y pensamos en unstedes como candidatos,VE,MX
Karla Palencia D Camps Ese Unica Te Quieroâ˜ºâ˜º,VE,MX
@irisvalera violadora de derechos humanos,VE,ES
Hola buenos dÃ­as buscamos single de planta los que se reportaron se postularon y segÃºn ya lo eran y la verdad ya ni saludan y obviamente casi casi esclusivo,MX,VE
OjalÃ¡ lo hagan................. porque le dan demasiada publicidad a los fachos ğŸ¤¬ğŸ¤¬ğŸ¤¬,MX,VE
se ve divina pero segun yo tengo entendido la tematica no es oroğŸ‘€,MX,VE
"@armandoaraiza Si no la controla, no la consuma.Ya estÃ¡ muy viejo para esasmamadas!!",MX,VE
"Al ver hoy, la serie Los AÃ±os Maravillosos, me recordÃ³ a tÃ­ lector de mi redes, te comento, gracias por haber hecho tan grandiosa mi vida!",MX,VE
Si quedaba otro dÃ­a no iba a largarse jamÃ¡s...,MX,VE
no hace falta un decreto para empezar a devolver todo le expropiado,VE,ES
#JoseRamonLopezBeltran22 #CuantoGanaElBodoque VIVIDOR DE LA NACIÃ“N,MX,VE
Me acabo de dar cuenta de que Stan Lee tambiÃ©n sale en Big Hero 6ğŸ˜‚,VE,MX
#JuntasPorLaCuauhtÃ©moc por amor a nuestra demarcaciÃ³n,MX,VE
"MaÃ±ana salir de nuevo, a las calles para la libertad de mi paÃ­sğŸ‡»ğŸ‡ªğŸ’›ğŸ’™â¤ï¸.",VE,MX
Y menos cuando no se cuenta con un sistema de salud que garantice una atenciÃ³n de calidad #NoExistenCondiciones #EncuestaAmaÃ±ada #FMVEnLaLucha Por unos #salariosjustosydignosya,VE,MX
"El DÃ©por-Fuenlabrada, suspendido por casos de COVID-19, se jugarÃ¡ el miÃ©rcoles https://t.co/URLITpaUET",VE,MX
Exigen sinceridad pero se ofenden con la verdad ğŸ˜’,VE,MX
"Los amigos que me encuentro Me preguntan, que si yo sÃ© de tu vida Y yo no sÃ© QuÃ© si ya cicatrizaron las heridas De un amor que pudo haber sido y no fueğŸ¶ğŸ¶",MX,VE
"mamo mi outfit de hoy, tenia pensado usar un puto suÃ©ter y estamos a 25 grados",MX,VE
Llego el fin de mendoza o los expropiamos o nos tumban #ResteadosConPolar,VE,MX
"La abuelita que cuido le encanta escucharme cantar, bueno dar gritos. Ja,ja,ja. ğŸ˜‚ğŸ˜‚ğŸ˜‚",VE,MX
Los vehiculos que transportan los alimentos y productos aumentan los precios de fletes por el costo de las gasolinas y al aumentar el precio del flete; los productores y vendedores deben aumentar el precio del producto.,MX,VE
"CÃ³mo vas a presumir que tu bato estuvo en Monarcas, que naco ğŸ¥´",MX,VE
Ni los perniles que sobraron de diciembre luego de robar en el bicentenario le dejaron a #MerentesPedofilo.,VE,MX
Ya uno anda haciendo esas compras jaja de seÃ±or ğŸ¥´,MX,VE
Dios cuide y bendiga a nuestros valientes del 40/o BI. #IncendioCharcasSLP #SEDENA #40BI,MX,VE
SI TU ESPOSA ES DE GUSTOS CAROS PUES TU COMO ESPOSO DÃSELOS NO ESPERES A QUE LLEGUE UN TERCERO Y SE LOS DE O SOLO ES DE GUSTOS CUANDO ALGUIEN MAS VA APAGAR? YO SIEMPRE HE DICHO QUE EL FÃSICO NO IMPORTA PERO HAY CADA PAREJA QUE LOS VES Y NO MAAAA Y PIDEN SINGLES JÃ“VENES MODELOS,MX,VE
LÃ³pez ladrador y Claudia cubren y protegen a Florencia SerranÃ­a porque???????,MX,VE
"Pues nadie que reciba dÃ¡divas neoliberales dirÃ¡ nada como la prensa, radio , tv, OEA_Colonia, pranes_de_Lima,etc.",VE,MX
No los pueden detener,MX,VE
"Pinshi Laura, no todo se trata de ti, por no dejar en paz las cosas ahora todos mueren y sigue siendo tu culpa, babosa... #TerrorEnLaWeb",MX,VE
Panaderia de Sta Marta en Chuao cobra PAN A 300 Solo efectivo sin factura,VE,MX
"Que show me paso hace un momento, el carro se ha recalentado en pleno semÃ¡foro y nos tuvimos que bajar todos. Gracias a Dios ya llegue!",VE,MX
"jose luis, ""todos somos contingentes, pero tu eras necesario"". que descanses en paz, jose luis cuerda.",ES,VE
"DeberÃ­an hacer un departamento del CICPC en donde uno llame para denunciar cuando las mujeres son FOTOTRAMPA asÃ­ todos quedan advertidos, eso es un tipo de estafa deberÃ­a ser penalizado y todo, en persona una ballena azul y en el instagram la sirenita, senda trampa.",VE,MX
me causa mucha risa las q dicen q le viven haciendo tts a karol todos los dias son las mismas q le hacen 94mil tts a valu esa logica amigas,VE,MX
Por que no tienen agua para baÃ±arse NUEVO LEÃ“N ... HUELE A LEÃ“N,MX,VE
"â€œSi no escalas la montaÃ±a, jamÃ¡s podrÃ¡s disfrutar del paisaje.â€ Pablo Neruda. #ModoPositiva",VE,MX
Tres personas reciben atenciÃ³n por parte de paramÃ©dicos del ERUM y de la UGIRPC de la AlcaldÃ­a. 2/2,MX,VE
"Y que no lo podÃ­a hacer, el de chaleco le dice que tiene mucha gente y que por favor abra, el chofer dice que no y que esa orden le dieron, el de chaleco se pone punk y le dice que Ã©l se lo estÃ¡ ordenando ahora, el chofer cierra la puerta y se arranca con apenas unos asientos",MX,VE
@carolina_af1 Awn siempre se me olvida compras esas madres,MX,VE
puede no ser suficiente para evitar los contagios en espacios cerrados a crisis sanitaria causada por el coronavirus ha provocado que organismos.,VE,ES
SÃ­ llorÃ© poquito cuando dieron las 12. ğŸ¥¹ğŸ¥‚,MX,VE
por aqui hay q empezar a trabajar entre otras cosas,ES,VE
"Idea de juego: tÃ³mate un shot, cada que alguien sale bebiendo en la nueva temporada de #LuisMiguelLaSerie",MX,VE
El papa Francisco convierte en santos a dos pastorcitos de FÃ¡tima.,VE,MX
@PERU_LIBRE1: Â¡Feliz 64 Aniversario de la RevoluciÃ³n Cubana! https://t.co/RNDi4HYSTu,MX,VE
"@HassirLastre @JuanSkulll Hasta allÃ¡ nooooooo, jajaja. ğŸ¤£ğŸ¤­",MX,VE
"Ya entendÃ­ este ,su puto discurso ,,siente qe la opocicion no va aprobar su reforma electrica ,ahora elqe es opocicion les llama traidores",MX,VE
como me emputa que se metan en mi vida,MX,VE
IniciÃ³ y terminÃ³ el dÃ­a de manera perfecta...! ğŸ’•,VE,MX
Que hay que hacer para que belanova vuelva a sacar un disco. :(,MX,VE
Oficialmente Denisse es lo mejor que me pasÃ³ en el 2022â¤ï¸,MX,VE
"#tipslaboral  #lottt si se retira al trabajador antes de la decisiÃ³n de inspectora, habrÃ¡ que pagar salarios caÃ­dos y cesta ticket",VE,ES
Nadie con #periscope en el Barbecho o MontaÃ±a Alta? #LosTeques #Carrizal,VE,MX
"Ay bojack, tu eres el unico que me comprende",MX,VE
"RN, UDI y todos los incautos que apoyan a este gobierno comunistoide, deben dejar de ser sus cÃ³mplices, no apoyarlos en nada, incluyendo el proyecto de nueva constituciÃ³nâ€¦.",MX,VE
"Nadie detendrÃ¡ este tren. Solo aumentarÃ¡ y aumentarÃ¡ el uso dandole mas valor a cada moneda, bitcoin llego para nunca irse.",VE,MX
11 mejores anime de acciÃ³n de la historia - Alfa Beta Juega https://t.co/2of5j3jptm,MX,VE
"Gracias Dios, por lo inesperado. â¤",MX,VE
"Impresionante entrenador Zsemereta y jug, del futbol fem sub 17.Campeonas pero con graves limitaciones sociales y pobreza!",VE,MX
"Ya explote, asÃ­ que ahora la soportas becerro!  â˜º",VE,MX
Que cuerda de ridÃ­culos estos imbÃ©ciles.   Lo que dan es risa y pena.,VE,MX
"Y de que sirve todo eso, si nunca se aplica la justicia!!!",MX,VE
Aries** Mi bf y yo nos baÃ±amos un chingo de veces al dÃ­a XD,MX,VE
al fin tengo un poco mas de suerte,VE,ES
"no es casualidad que justo ahora nos ataquen con rumores o con investigaciones archivadas por la justicia desde 2018 estamos en el gobierno de espana, y eso es algo que la derecha de este pais no sabe encajar bien.",ES,VE
@dxc26 !eso pienso yo!. como dice juanma castano,ES,VE
Ya no saben que hacer para cubrir su ineptitud... QPM...,MX,VE
"Qp con las hormonas del embarazo, es de mas lo sensible",MX,VE
@BIIE_Boletin Plutocracias y control de la llamada democracia.https://t.co/VFeK1jM8Sw,MX,VE
pero es que la cosa no se acaba ahi y es que tambien he visto a otra persona,ES,VE
â€œLa ley moral en mi corazÃ³n y el cielo estrellado sobre mÃ­â€.,MX,VE
".Claro que hay honor, gloria, tributose de sentida oraciÃ³n por sus almas y palabras de fortaleza a sus familiares.Manos juntas y aclamaciones de Justicia, de parte de 92% de Ciudadanos buenos y agradecidos..",VE,MX
Yo creo que ya le gustaron las dobladitas de los gringos!,MX,VE
otra rata menos,VE,ES
"GRACIAS AL SOCIALISMO Y LA QUITADA DE LA ELECTRICIDAD POR TENER UN MAL SERVICIO Y UN MAL MANTENIMIENTO ELÃ‰CTRICO NO SE PUDO DISFRUTAR LA FINAL DEL LA COPA DEL MUNDO RUSIA 2018, GRACIAS AL SOCIALISMO TENDRÃ‰ QUE ESPERAR 4 AÃ‘OS EN QATAR 2022 PARA VER LA FINAL SI ES QUE HAY LUZ",VE,MX
Hoy MÃ©xico D.F.(MÃ©xico) Toros de Fernando de la Mora para Eulalio LÃ³pez(Zotoluco) y Enrique Ponce(mano a mano).,VE,MX
"@JoseMig76266403 @IndigoyAzul Con una fotoCulo dudo mucho que consigas un hombre asÃ­, nadie en su sano juicio se empatarÃ­a con alguien que enseÃ±a sus partes Ã­ntimas por el twitter ğŸ˜’ğŸ™‚",VE,MX
Si tu me pagas con eso yo ya no te doy mas de esto amor #NuevoVideoMateriaCris,VE,MX
"Nos sobran legisladores, al final votan conforme a consigna. Vuelen a 200 diputados.",MX,VE
@CatharineStapl3 Ni le cabe toda ğŸ˜’,MX,VE
"Hay que nombrarlos con letras de oro a NUESTROS NIÃ‘OS HEROES: ANA ILLAÃ‘ES, DANIEL OCHOA, OMAR ASTUDILLO, MIKEL CERVANTES, DIEGO VILLARREAL Y ROGELIO GUERRERO. Estos si son de verdad; lo que hicieron resuene en la eternidad. Muchisimas felicidades. Dios los bendiga.",MX,VE
#AltoAlFuego #Tragedia Â¡Ya basta! ManifestaciÃ³n ya!,MX,VE
"Y hasta el Ãºltimo minuto de esta nefasta ""administraciÃ³n"" asÃ­ serÃ¡!!!!",MX,VE
"Â¡El estreno de #AstroBoy, el cumpleaÃ±os de #MaiShirunai y mucho mas en nuestras #Ã‘oÃ±oefemerides de hoy! https://t.co/SyipykZkXG https://t.co/9WMOPsNJ69",MX,VE
Mi amor odio por fotos que nunca serÃ¡n subidas ğŸ¥¹,MX,VE
AmÃ©n ğŸ™ğŸ¼ https://t.co/jOXpbQFINv,MX,VE
"Te veo cuando regreses, todo va a estar bien, todo va a estar bien. âœ¨ğŸ‡µğŸ‡¹",MX,VE
"QuÃ© laxada cometÃ­, yo creo que la burrada quÃ© hice no la hace mÃ¡s nadie ğŸ˜‚ğŸ˜‚ğŸ˜‚ğŸ˜‚",VE,MX
"@TitoVilla1982 De esos les encanta a la directiva de cruz azul, llegan sin hacer novela",MX,VE
por fin llegue alguien para conoser por aca en altamira,MX,ES
La anarquÃ­a genera delitos. AyÃºdanos a ordenar la ciudad. Colabora con tu policÃ­a.,VE,MX
muero porrr verteeeee,MX,VE
"No seÃ±ora, no porque me vea feo le voy a regresar MI lugar en la ventana del bus ğŸ˜’ğŸ˜…",MX,VE
"Porque dÃ­ablos me siento preocupado, tenso y nervioso viendo el partido?",MX,VE
"MÃ­ pobre Cd Juarez, Â¿cuando acabarÃ¡ tanta desgracia?",MX,VE
@Siwon_BxG Ni modo que desde Corea pendejo,VE,MX
CÃ³mo le hizo?  https://t.co/K23dtpo3ft,MX,VE
"Buenos dÃ­as damas y caballeros, excelente viernes para todos â˜ºï¸",VE,MX
